// {platform:V50 user:WX chksum:D607659A tooling:2.01.80309.1-W}
*** .BIN ***
1046,1,0x0 // {iBinChecksum$fw[32]}
1047,1,0x0 // {iBinChecksum$fw[33]}
1048,1,0x0 // {iBinChecksum$fw[34]}
1049,1,0x0 // {iBinChecksum$fw[35]}
1050,1,0x0 // {iBinChecksum$fw[36]}
1051,1,0x0 // {iBinChecksum$fw[37]}
1052,1,0x0 // {iBinChecksum$fw[38]}
1053,1,0x0 // {iBinChecksum$fw[39]}
1054,1,0x0 // {iBinChecksum$fw[40]}
1055,1,0x0 // {iBinChecksum$fw[41]}
1056,1,0x0 // {iBinChecksum$fw[42]}
1057,1,0x0 // {iBinChecksum$fw[43]}
1058,1,0x0 // {iBinChecksum$fw[44]}
1059,1,0x0 // {iBinChecksum$fw[45]}
1060,1,0x0 // {iBinChecksum$fw[46]}
1061,1,0x0 // {iBinChecksum$fw[47]}
1062,1,0x0 // {iBinChecksum$fw[48]}
1063,1,0x0 // {iBinChecksum$fw[49]}
1064,1,0x0 // {iBinChecksum$fw[50]}
1065,1,0x0 // {iBinChecksum$fw[51]}
1066,1,0x0 // {iBinChecksum$fw[52]}
1067,1,0x0 // {iBinChecksum$fw[53]}
1068,1,0x0 // {iBinChecksum$fw[54]}
1069,1,0x0 // {iBinChecksum$fw[55]}
1070,1,0x0 // {iBinChecksum$fw[56]}
1071,1,0x0 // {iBinChecksum$fw[57]}
1072,1,0x0 // {iBinChecksum$fw[58]}
1073,1,0x0 // {iBinChecksum$fw[59]}
1074,1,0x0 // {iBinChecksum$fw[60]}
1075,1,0x0 // {iBinChecksum$fw[61]}
1076,1,0x0 // {iBinChecksum$fw[62]}
1077,1,0x0 // {iBinChecksum$fw[63]}
1078,1,0x0 // {iBinChecksum$fw[64]}
1079,1,0x0 // {iBinChecksum$fw[65]}
1080,1,0x0 // {iBinChecksum$fw[66]}
1081,1,0x0 // {iBinChecksum$fw[67]}
1082,1,0x0 // {iBinChecksum$fw[68]}
1083,1,0x0 // {iBinChecksum$fw[69]}
1084,1,0x0 // {iBinChecksum$fw[70]}
1085,1,0x0 // {iBinChecksum$fw[71]}
1086,1,0x0 // {iBinChecksum$fw[72]}
1087,1,0x0 // {iBinChecksum$fw[73]}
1088,1,0x0 // {iBinChecksum$fw[74]}
1089,1,0x0 // {iBinChecksum$fw[75]}
1090,1,0x0 // {iBinChecksum$fw[76]}
1091,1,0x0 // {iBinChecksum$fw[77]}
1092,1,0x0 // {iBinChecksum$fw[78]}
1093,1,0x0 // {iBinChecksum$fw[79]}
1094,1,0x0 // {iBinChecksum$fw[80]}
1095,1,0x0 // {iBinChecksum$fw[81]}
1096,1,0x0 // {iBinChecksum$fw[82]}
1097,1,0x0 // {iBinChecksum$fw[83]}
1098,1,0x0 // {iBinChecksum$fw[84]}
1099,1,0x0 // {iBinChecksum$fw[85]}
1100,1,0x0 // {iBinChecksum$fw[86]}
1101,1,0x0 // {iBinChecksum$fw[87]}
1102,1,0x0 // {iBinChecksum$fw[88]}
1103,1,0x0 // {iBinChecksum$fw[89]}
1104,1,0x0 // {iBinChecksum$fw[90]}
1105,1,0x0 // {iBinChecksum$fw[91]}
1106,1,0x0 // {iBinChecksum$fw[92]}
1107,1,0x0 // {iBinChecksum$fw[93]}
1108,1,0x0 // {iBinChecksum$fw[94]}
1109,1,0x0 // {iBinChecksum$fw[95]}
*** cfg ***
5,1,8,6,8,6,8, // {iAHD_CorUmin0~}
10,1,6,8,6,8,6, // {iAHD_CorVmin0~}
15,1,8,8,8,8,8, // {iAHD_CorUThr2_U0~}
20,1,8,8,8,8,8, // {iAHD_CorVThr2_V0~}
25,1,4,4,4,4,4, // {iAHD_CorUThr1_U0~}
30,1,4,4,4,4,4, // {iAHD_CorVThr1_V0~}
35,1,2,2,2,2,2, // {iAHD_CorUThr0_U0~}
40,1,2,2,2,2,2, // {iAHD_CorVThr0_V0~}
45,1,1,0,2,3,1, // {iAHD_CorUVal2_U0~}
50,1,0,0,0,0,0, // {iAHD_CorVVal2_V0~}
55,1,2,2,2,2,2, // {iAHD_CorUVal1_U0~}
60,1,2,2,2,2,2, // {iAHD_CorVVal1_V0~}
65,1,1,1,1,1,1, // {iAHD_CorUVal0_U0~}
70,1,1,1,1,1,1, // {iAHD_CorVVal0_V0~}
76,1,0 // {iAHD_CeRatioen_L1}
78,1,200 // {fAHD_CeRatio_L1}
79,1,1 // {iAHD_CeIndxOffset_L1}
80,1,0 // {iAHD_CeStep1_L1}
81,1,7 // {iAHD_CeStep2_L1}
82,1,81 // {iAHD_CeCx_L1}
83,1,59 // {iAHD_CeCy_L1}
84,1,90,418,613,928, // {iAHD_CeDeg1_L1~}
89,1,0 // {iAHD_CeRatioen_L2}
91,1,200 // {fAHD_CeRatio_L2}
92,1,1 // {iAHD_CeIndxOffset_L2}
93,1,0 // {iAHD_CeStep1_L2}
94,1,5 // {iAHD_CeStep2_L2}
95,1,43 // {iAHD_CeCx_L2}
96,1,33 // {iAHD_CeCy_L2}
97,1,90,418,613,928, // {iAHD_CeDeg1_L2~}
101,1,0 // {iHFBoosten}
102,1,32 // {fAHD_BoostGain}
103,1,1 // {iDotSupEdgDiv}
104,1,1 // {iDotSobConvMode}
105,1,0 // {iDotSob_Frac_Bit}
106,1,1024 // {iDotShrThr}
107,1,1024,1536,1792,2048,2000,1281,1152,768, // {iDotSobLUT0~}
115,1,5 // {iDotSupEdgYWidth}
116,1,16 // {iDotSupEdgYThr}
117,1,2 // {iDotAraNLimit}
118,1,2 // {iDotAraPLimit}
119,1,128 // {iDotPekNLimit}
120,1,127 // {iDotPekPLimit}
121,1,255 // {iYHF1NLimit}
122,1,255 // {iYHF1PLimit}
123,1,160,159,152,143,144,128,133,121, // {iDotShrLUT0~}
131,1,1 // {iAHD_GryStpOpt}
132,1,0,6,23,49,83,121,159,194,255, // {iAHD_GryYLUT0~}
141,1,0,0,0,0,0, // {iAHD_GryMode~}
151,1,254,254,254,254,254, // {iAHD_GryGThr~}
156,1,6,7,8,9,10, // {iAHD_GryUmin0~}
161,1,6,7,8,9,10, // {iAHD_GryVmin0~}
168,1,32,56,8,24, // {fAHD_HFShrNorGain_Y0~}
172,1,1,1,1,1,1, // {iYHFEdgCntEn0~}
177,1,512,256,128,768,64, // {iNFacyX0~}
182,1,8,11,15,23,1, // {iYHF_Edg_LUT0~}
187,1,1 // {iYHFCnt_PlusOne_LThr}
188,1,655 // {iYHF_Off}
189,1,5243 // {iYHF_Slope}
190,1,0,0,0,0,0, // {fAHDSclfac0~}
195,1,16,22,33,11,9, // {iUVStD_Flat_LUT0~}
200,1,13 // {iUVStDCnt_PlusOne_LThr}
201,1,16 // {iUVStD_Off}
202,1,640 // {iUVStD_Slope}
203,1,256 // {iUVStDMixRatio}
204,1,65 // {iUStDUser}
205,1,65 // {iVStDUser}
206,1,16,22,33,11,9, // {iUVStD_Flat_LUT0~}
211,1,13 // {iUVStDCnt_PlusOne_LThr}
212,1,16 // {iUVStD_Off}
213,1,640 // {iUVStD_Slope}
214,1,256 // {iUVStDMixRatio}
215,1,65 // {iUStDUser}
216,1,65 // {iVStDUser}
217,1,3,6,9,11,13, // {iUVLF_Flat_LUT0~}
222,1,13 // {iUVLFCnt_PlusOne_LThr}
223,1,16 // {iUVLF_Off}
224,1,640 // {iUVLF_Slope}
225,1,230 // {iULFMixRatio}
226,1,230 // {iVLFMixRatio}
227,1,3,6,9,11,13, // {iUVLF_Flat_LUT0~}
232,1,13 // {iUVLFCnt_PlusOne_LThr}
233,1,16 // {iUVLF_Off}
234,1,640 // {iUVLF_Slope}
235,1,230 // {iULFMixRatio}
236,1,230 // {iVLFMixRatio}
237,1,0,0,0,0,0, // {iAHD_UV0_IIRen~}
238,1,0,0,0,0,0, // {iAHD_Y0en~}
239,1,0,0,0,0,0, // {iAHD_UV0en~}
240,1,128,60,255,255,255, // {fAHD_Scl_Y0~}
241,1,255,255,255,255,255, // {fAHD_Scl_U0~}
242,1,255,255,255,255,255, // {fAHD_Scl_V0~}
243,1,38,38,38,38,32, // {fAHD_Ctr_Y0~}
244,1,38,38,32,32,38, // {fAHD_Ctr_U0~}
245,1,38,38,32,32,38, // {fAHD_Ctr_V0~}
246,1,128,768,512,128, // {iAHD_NLThr0_Y0~}
250,1,128,768,512,128, // {iAHD_PLThr0_Y0~}
254,1,510,511,512,509, // {iAHD_NLThr0_UV0~}
258,1,509,510,511,512, // {iAHD_PLThr0_UV0~}
262,1,5,128,192, // {iAHD_HFNL1_Y0~}
265,1,5,128,192, // {iAHD_HFPL0_Y0~}
268,1,64,128,192, // {iAHD_HFNL1_UV0~}
271,1,64,128,192, // {iAHD_HFPL0_UV0~}
274,1,2000,2048,2048,2048,2048, // {iAHD_ThrH_Y0~}
275,1,1999,2048,2048,1536,768, // {iAHD_ThrH_UV0~}
276,1,1999,2048,2048,1536,768, // {iAHD_ThrH_UV0~}
277,1,119,114,109,103,98,93,88,83,78,73,68,62,57,52,47,42,37, // {iAHD_NVar0_Y0~}
294,1,72,69,66,63,60,57,54,50,47, // {iAHD_NVar0_U0~}
303,1,46,42,39,35,31,28,24,21,17, // {iAHD_NVar0_V0~}
321,1,515,514,513,512, // {iAHD_NLThr0_Y1~}
325,1,515,514,513,512, // {iAHD_PLThr0_Y1~}
329,1,8,510,511,512, // {iAHD_NLThr0_UV1~}
333,1,8,510,511,512, // {iAHD_PLThr0_UV1~}
337,1,32,128,192, // {iAHD_HFNL1_Y1~}
340,1,32,128,192, // {iAHD_HFPL0_Y1~}
343,1,16,128,192, // {iAHD_HFNL1_UV1~}
346,1,16,128,192, // {iAHD_HFPL0_UV1~}
352,1,90,85,81,77,73,69,65,60,56,52,48,44,39,35,31,27,23, // {iAHD_NVar0_Y1~}
369,1,68,64,59,55,50,45,41,36,32, // {iAHD_NVar0_U1~}
378,1,57,52,47,42,37,32,27,22,17, // {iAHD_NVar0_V1~}
396,1,8,766,767,768, // {iAHD_NLThr0_Y2~}
400,1,8,766,767,768, // {iAHD_PLThr0_Y2~}
404,1,128,125,126,127, // {iAHD_NLThr0_UV2~}
408,1,128,126,127,128, // {iAHD_PLThr0_UV2~}
412,1,32,128,192, // {iAHD_HFNL1_Y2~}
415,1,32,128,192, // {iAHD_HFPL0_Y2~}
418,1,64,128,192, // {iAHD_HFNL1_UV2~}
421,1,64,128,192, // {iAHD_HFPL0_UV2~}
427,1,56,53,51,48,45,42,40,37,34,31,29,26,23,20,18,15,12, // {iAHD_NVar0_Y2~}
444,1,64,58,53,48,43,37,32,27,22, // {iAHD_NVar0_U2~}
453,1,56,51,46,40,35,30,25,20,15, // {iAHD_NVar0_V2~}
471,1,8,126,127,128, // {iAHD_NLThr0_Y3~}
475,1,8,126,127,128, // {iAHD_PLThr0_Y3~}
479,1,1,10,9,8, // {iAHD_NLThr0_UV3~}
483,1,11,10,9,8, // {iAHD_PLThr0_UV3~}
487,1,16,128,192, // {iAHD_HFNL1_Y3~}
490,1,16,128,192, // {iAHD_HFPL0_Y3~}
493,1,64,128,192, // {iAHD_HFNL1_UV3~}
496,1,64,128,192, // {iAHD_HFPL0_UV3~}
502,1,52,49,47,44,42,39,37,34,32,29,27,24,22,19,17,15,12, // {iAHD_NVar0_Y3~}
519,1,86,79,72,65,57,51,43,36,29, // {iAHD_NVar0_U3~}
528,1,95,86,77,66,63,53,39,30,21, // {iAHD_NVar0_V3~}
546,1,8,126,127,128, // {iAHD_NLThr0_Y4~}
550,1,8,126,127,128, // {iAHD_PLThr0_Y4~}
554,1,11,10,9,8, // {iAHD_NLThr0_UV4~}
558,1,11,10,9,8, // {iAHD_PLThr0_UV4~}
562,1,16,128,192, // {iAHD_HFNL1_Y4~}
565,1,16,128,192, // {iAHD_HFPL0_Y4~}
568,1,64,128,192, // {iAHD_HFNL1_UV4~}
571,1,64,128,192, // {iAHD_HFPL0_UV4~}
577,1,19,19,18,17,16,16,15,14,13,13,12,11,10,9,9,8,7, // {iAHD_NVar0_Y4~}
594,1,33,30,27,24,22,19,16,13,10, // {iAHD_NVar0_U4~}
603,1,29,26,23,21,18,15,12,9,7, // {iAHD_NVar0_V4~}
612,1,4 // {iAHDmode}
614,1,0 // {iAHD_HFMode0_Y0}
615,1,0 // {iAHD_HFMode1_Y0}
616,1,0 // {iAHD_HFMode0_Y1}
617,1,0 // {iAHD_HFMode1_Y1}
618,1,0 // {iAHD_HFMode0_Y2}
619,1,0 // {iAHD_HFMode1_Y2}
620,1,0 // {iAHD_HFMode0_Y3}
621,1,0 // {iAHD_HFMode1_Y3}
622,1,0 // {iAHD_HFMode0_Y4}
623,1,0 // {iAHD_HFMode1_Y4}
624,1,0 // {iAHD_HFMode0_UV0}
625,1,0 // {iAHD_HFMode1_UV0}
626,1,0 // {iAHD_HFMode0_UV1}
627,1,0 // {iAHD_HFMode1_UV1}
628,1,0 // {iAHD_HFMode0_UV2}
629,1,0 // {iAHD_HFMode1_UV2}
630,1,0 // {iAHD_HFMode0_UV3}
631,1,0 // {iAHD_HFMode1_UV3}
632,1,0 // {iAHD_HFMode0_UV4}
633,1,0 // {iAHD_HFMode1_UV4}
634,1,1 // {iYBlrMskOpt2}
635,1,0 // {iYBlrMskOpt3}
636,1,1 // {iYBlrMskOpt4}
637,1,1 // {iUVBlrMskOpt2}
638,1,2 // {iUVBlrMskOpt3}
639,1,0 // {iUVBlrMskOpt4}
640,1,0,1,0,0,1, // {iAHD_SpkOpt_Y0~}
645,1,0,1,1,0,1, // {iAHD_SpkOpt_Y0~}
650,1,0,1,0,0,0, // {iAHD_SpkOpt_UV0~}
655,1,0,1,1,0,1, // {iAHD_SpkOpt_UV0~}
660,1,66,70,65,100,130, // {iAHD_BlrFac_Y0~}
665,1,65,66,67,68,69, // {iAHD_BlrFac_U0~}
670,1,65,66,67,68,69, // {iAHD_BlrFac_V0~}
675,1,32,36,40,24,48, // {fAHD_HFShrGain_Y0~}
680,1,36,16,24,56,48, // {fAHD_HFShrGain_UV0~}
690,1,101,102,103,104,105, // {iAHD_VarFac_Y0~}
695,1,655,202,97,57,37, // {iAHD_VarFac_U0~}
700,1,655,202,97,57,37, // {iAHD_VarFac_V0~}
705,1,0 // {fAHD_DiffShrGain_Y}
706,1,0 // {fAHD_DiffShrGain_U}
707,1,0 // {fAHD_DiffShrGain_V}
708,1,1 // {iAHDOSCMsk}
709,1,1024,768,512,384,256, // {iAHDOSCNfac1~}
714,1,253,383,511,767,1024, // {iAHDOSCPfac1~}
719,1,64,128,192,256, // {iAHDOSCNthr1~}
723,1,64,128,192,256, // {iAHDOSCPthr1~}
728,1,0 // {iAHD_YOffset}
729,1,0 // {iAHD_UOffset}
730,1,0 // {iAHD_VOffset}
731,1,1 // {iPass}
732,1,1,1,1,1,1, // {iAhd_Frac_Bit_Y0~}
737,1,1,1,1,1,1, // {iAhd_Frac_Bit_UV0~}
743,1,5 // {fAHDYHDiv}
744,1,0 // {fAHDYDiv}
745,1,0 // {fAHDYHTDiv}
746,1,186 // {iAHDLUTNthr}
747,1,316 // {iAHDLUTPthr}
748,1,0 // {iAHDYH_Lothr}
749,1,511 // {iAHDYH_Hithr}
750,1,56 // {fAHDHFGain}
751,1,892,313,17,1835,1902,2001, // {iAHDMsk0~}
757,1,0,17,34,51,68,85,102,119,136,153,170,187,204,221,238,255, // {iAHDYGLUT0~}
774,1,0 // {iGGf}
775,1,0 // {iRBf}
776,1,97 // {iArdVarFac}
777,1,0 // {iArd_Frac_Bit}
779,1,16 // {iFreThrG}
780,1,768 // {iNNLThrG}
781,1,256 // {iPNLThrG}
782,1,16 // {iFreThrRB}
783,1,768 // {iNNLThrRB}
784,1,256 // {iPNLThrRB}
785,1,0 // {iXfg}
786,1,0 // {iXfrb}
787,1,32 // {iSmooR}
788,1,32 // {iSmooG}
789,1,32 // {iSmooB}
790,1,0 // {iNLThrR}
791,1,1792 // {iNLThrG}
792,1,1792 // {iNLThrB}
793,1,2048 // {iNHThrR}
794,1,2048 // {iNHThrG}
795,1,2048 // {iNHThrB}
796,1,0 // {iConsR}
797,1,32 // {iConsG}
798,1,32 // {iConsB}
800,1,3 // {iRDpkFtrOptP}
801,1,3 // {iRDpkFtrOptN}
802,1,3 // {iGDpkFtrOptP}
803,1,3 // {iGDpkFtrOptN}
804,1,3 // {iBDpkFtrOptP}
805,1,3 // {iBDpkFtrOptN}
811,1,0 // {iArd_Ceratioen}
812,1,255 // {fArd_Ceratio}
813,1,1 // {iArd_Cetidxoff}
814,1,0 // {iArd_CeBitfac}
815,1,7 // {iArd_CeStpsze}
816,1,66 // {iArd_Cecol}
817,1,47 // {iArd_Cerow}
818,1,90 // {iArd_Cetidx0}
819,1,418 // {iArd_Cetidx1}
820,1,613 // {iArd_Cetidx2}
821,1,928 // {iArd_Cetidx3}
822,1,0 // {i2xClipen}
826,1,768 // {iGPDif}
827,1,768 // {iGNDif}
828,1,77 // {iGratio}
829,1,0 // {iGLoY}
830,1,128 // {iGdif}
831,1,63 // {iGSlope}
832,1,7 // {iGCntthr}
833,1,768 // {iRPDif}
834,1,768 // {iRNDif}
835,1,77 // {iRratio}
836,1,0 // {iRLoY}
837,1,128 // {iRdif}
838,1,63 // {iRSlope}
839,1,7 // {iRCntthr}
840,1,768 // {iBPDif}
841,1,768 // {iBNDif}
842,1,77 // {iBratio}
843,1,0 // {iBLoY}
844,1,128 // {iBdif}
845,1,63 // {iBSlope}
846,1,7 // {iBCntthr}
848,1,0 // {iGridPreProen}
849,1,2 // {iGrid_Frac_Bit}
850,1,32 // {iGridThrL}
851,1,52429 // {fGridSLP}
852,1,256 // {iGridFacThrL}
853,1,2 // {iRed_Frac_Bit}
854,1,9 // {iRedThrL}
855,1,52429 // {fRedSLP}
856,1,0 // {iRedFacThrL}
857,1,0 // {iGDpkPreProen}
858,1,3 // {iGDpk_Frac_Bit}
859,1,1200 // {iGDpkThrL}
860,1,43691 // {fGDpkSLP}
861,1,0 // {iGDpkFacThrL}
862,1,3 // {iGSDpk_Frac_Bit}
863,1,128 // {iGSDpkThrL}
864,1,43691 // {fGSDpkSLP}
865,1,0 // {iGSDpkFacThrL}
867,1,0 // {iArd_Roffset}
868,1,0 // {iArd_Groffset}
869,1,0 // {iArd_Boffset}
870,1,0 // {iArd_Gboffset}
872,1,0 // {iAAmode}
873,1,1 // {iPBmin}
874,1,1 // {iPRmin}
875,1,0 // {iAvgthr}
876,1,1 // {iHSkip}
877,1,1 // {iVSkip}
878,1,0 // {iAAShrMode}
879,1,0 // {iAAShrScale}
880,1,1 // {iAADegr}
881,1,64 // {iAAAngw}
882,1,1 // {iAASShrThr1}
883,1,129 // {iAASShrThr2}
884,1,192 // {iAASShrThr3}
885,1,255 // {iAASShrThr4}
886,1,192 // {fAASShrGain_L}
887,1,64 // {fAASShrGain_M}
888,1,72 // {fAASShrGain_H}
889,1,65024 // {fAASShrSLPl}
890,1,256 // {fAASShrSLPh}
891,1,1 // {iAAPresel}
897,1,0 // {iBinMode}
898,1,0 // {iHBinFac}
899,1,2048 // {iHBinFac}
900,1,0 // {iHBinFac}
901,1,0 // {iHBinFac}
902,1,1024 // {iVBinFac}
903,1,0 // {iVBinFac}
904,1,0 // {iHBinTrend}
905,1,0 // {iVBinTrend}
907,1,0 // {iCAMode}
908,1,0 // {iCAHStep}
909,1,0 // {iCAVStep}
910,1,0 // {iCAHSize}
911,1,0 // {iCAVSize}
912,1,8 // {iCAHOffset}
913,1,5 // {iCAVOffset}
914,1,256 // {iCaRXGain}
915,1,256 // {iCaRYGain}
916,1,256 // {iCaBXGain}
917,1,256 // {iCaRYGain}
920,1,1 // {iCFCsobelMode}
921,1,1 // {iCFCblurMode}
922,1,5 // {iCFCsobelFactor}
923,1,12 // {iCFCsobelShift}
924,1,4 // {iCFCe0}
925,1,11 // {iCFCe1}
926,1,30 // {iCFCuvEdgeThr}
927,1,5 // {iCFCcorrExt}
928,1,16 // {iCFCcorrUThr}
929,1,64 // {iCFCcorrVThr}
930,1,64 // {iCFCblurThr}
931,1,18 // {iCFCblurFactor}
932,1,2 // {iCFCblurShift}
933,1,15 // {iCFCysRatio}
934,1,6 // {iCFCblendRatio}
936,1,0 // {iLdcCpuPar1}
937,1,0 // {iLdcCpuPar2}
938,1,0 // {iLdcCpuPar3}
939,1,0 // {iLdcCpuPar4}
940,1,0 // {iLdcCpuMPar1}
941,1,0 // {iLdcCpuMPar2}
942,1,0 // {iLdcCpuMPar3}
943,1,0 // {iLdcCpuMPar4}
944,1,0 // {iLdcCpuBPar}
946,1,0 // {iCMRoff}
947,1,0 // {iCMGoff}
948,1,0 // {iCMBoff}
949,1,64,0,0,0,64,0,0,0,64, // {fC11~}
960,1,0 // {iCM2Roff}
961,1,0 // {iCM2Goff}
962,1,0 // {iCM2Boff}
963,1,64,0,0,0,64,0,0,0,64, // {fC211~}
974,1,0 // {iDkhthr}
975,1,0 // {iDklthr}
976,1,4 // {fIntpHDiv}
977,1,4 // {fIntpVDiv}
978,1,0 // {fIntpQHDiv}
979,1,0 // {fIntpQVDiv}
980,1,350 // {iT1}
981,1,10 // {iT3}
982,1,5 // {iT2}
983,1,5 // {iT4}
984,1,1 // {iClipOpt}
985,1,2900 // {iThrMaxRatio}
986,1,1000 // {iThrMinRatio}
987,1,0,30,0,30,0,30,0,30, // {iEspGLUT0~}
995,1,0,30,0,30,0,30,0,30, // {iEspRBLUT0~}
1003,1,1 // {iIntpRBdnEn}
1004,1,1 // {iIntpPWMode}
1005,1,0 // {iIntpModeSel}
1006,1,255 // {iIntpGw}
1007,1,0 // {iBaySupen}
1008,1,0 // {iGray_Frac_Bit}
1009,1,59580 // {fBaySLPn}
1010,1,23832 // {fBaySLPf}
1011,1,16 // {iBaySupThrL}
1012,1,1 // {iBaySupFacThrLn}
1013,1,2 // {iBaySupFacThrLf}
1014,1,3 // {iGrayG_Frac_Bit}
1015,1,43691 // {fGSupSLP}
1016,1,64 // {iGSupThrL}
1017,1,3 // {iGSupFacThrL}
1020,1,0 // {iBrioff}
1021,1,0 // {fConf}
1022,1,0 // {iBinthr}
1024,1,0 // {iCboff}
1025,1,0 // {iCroff}
1026,1,64,0,0,64, // {fA00~}
1030,1,0 // {iDiqbkdoorEn}
1031,1,0 // {iDiqExtCfgToCap}
1032,1,0 // {iDiqGlbSharp}
1033,1,64 // {iDiqGlbSat}
1034,1,0 // {iDiqBitrateCtrl}
1035,1,64 // {iDiqYnfDirBlurStrhScl}
1036,1,64 // {iDiqYnfWeigBlurStrhScl}
1037,1,64,0,0,0,64,0,0,0,64, // {iDiqSpcEffCm_00~}
1111,1,2048 // {fGlbrgain}
1112,1,2048 // {fGlbgrgain}
1113,1,2048 // {fGlbbgain}
1114,1,2048 // {fGlbgbgain}
1115,1,40,20,10,20,40, // {iYSharp_EdgLUT0~}
1120,1,1 // {iYSharpCnt_PlusOne_LThr}
1121,1,655 // {iYSharp_Off}
1122,1,5243 // {iYSharp_Slope}
1123,1,0 // {iYSharp_EdgCnten}
1124,1,1 // {iYSharp_CoreNegThr}
1125,1,2 // {iYSharp_CorePosThr}
1126,1,128 // {iYSharp_CGain}
1128,1,4 // {iYSharp_Umin}
1129,1,4 // {iYSharp_Vmin}
1130,1,0 // {iYSharp_YHSel}
1131,1,0 // {iYSharp_YGLUTSel}
1132,1,1 // {iMskAen}
1133,1,1 // {iMskBen}
1134,1,1 // {iMskCen}
1135,1,1 // {iMskDen}
1136,1,819,358,84,1889,1916,1983,2000,2012,2033,0,2045,0,2046,0,2047, // {iMskA0~}
1151,1,64,36,2032,2032,2040,2044, // {iMskB0~}
1157,1,20,2,2045,2,1,2046,2045,2046,2047, // {iMskCD0~}
1167,1,7 // {iHCWid}
1168,1,1 // {iCBmin}
1169,1,1 // {iCRmin}
1170,1,40 // {iHCLoThr}
1175,1,38 // {iLdkhthsize}
1176,1,28 // {iLdkhtvsize}
1177,1,0 // {iLdkhthgain}
1178,1,0 // {iLdkhtvgain}
1179,1,3 // {iLdkhhstep}
1180,1,3 // {iLdkhvstep}
1181,1,128 // {iLDCcmpy}
1182,1,0 // {iLDCcmpu}
1183,1,0 // {iLDCcmpv}
1184,1,256 // {iLDCGain}
1185,1,256 // {iLDCCustGain}
1186,1,0 // {ildWordCntPtr}
1187,1,0 // {ildParPtr}
1189,1,0 // {iLsc_Roffset}
1190,1,0 // {iLsc_Groffset}
1191,1,0 // {iLsc_Boffset}
1192,1,0 // {iLsc_Gboffset}
1194,1,0 // {iLUT3DRoff}
1195,1,0 // {iLUT3DGoff}
1196,1,0 // {iLUT3DBoff}
1200,1,44 // {iLSCTblHSize}
1201,1,60 // {iLSCTblVSize}
1202,1,256 // {iLSCCustGain}
1203,1,0 // {iLSCImgXSize}
1204,1,0 // {iLSCImgYSize}
1205,1,3 // {iLSCOneLut}
1206,1,256 // {iLSCCustField}
1207,1,65535 // {iLSCHOffset}
1208,1,65535 // {iLSCVOffset}
1209,1,65535 // {iLSCTblHMapSize}
1210,1,65535 // {iLSCTblVMapSize}
1213,1,64 // {iHDRSDW}
1214,1,48 // {iHDRSDH}
1215,1,0 // {iHDRframe}
1216,1,255 // {iHDRscdnefthr}
1217,1,1 // {iHDRghostwen}
1218,1,254 // {iHDRghostw}
1219,1,128 // {iHDRlvlh}
1220,1,64 // {iHDRlvll}
1221,1,192 // {iHDRc0}
1222,1,44 // {iHDRc1}
1223,1,0 // {iHDRr0}
1224,1,0 // {iHDRr1}
1225,1,250 // {iHDRcgainlvl}
1226,1,1 // {iHDRfu0even}
1227,1,128 // {iHDRfu0evlghtthr}
1228,1,256 // {iHDRovsharprate}
1229,1,256 // {iHDRlosharprate}
1230,1,0 // {iHDRwyoff}
1231,1,1 // {iHDRwyga}
1232,1,192 // {iHDRwqs}
1233,1,255 // {iHDRwes}
1234,1,0,73,116,146,168,184,197,206,214,222,228,233,238,242,247,251, // {iHDRGammaLUT00~}
1250,1,0,56,96,148,212,288,380,480,604,744,920,1144,1416,1828,2372,3172, // {iHDRInvGmlut00~}
1266,1,612,612,612,612,612,612,612,612,612,568,484,404,324,244,160,80, // {iHDRWqlut00~}
1282,1,512,512,512,512,512,512,512,512,512,512,512,512,512,512,512,512, // {iHDRyfthr00~}
1298,1,64,64,64,64,64,64,64,64,64, // {iHDRc0lut00~}
1307,1,64,64,64,64,64,64,64,64,64, // {iHDRc1lut00~}
1316,1,253,243,225,198,162,117,61,0,253,243,225,198,162,117,61,0,128, // {iHDWtblMlut00~}
1349,1,-1,-1,-1, // {iHDRSeq0~}
1352,1,-1 // {iHDRS1BayerSclFactor}
1353,1,-1 // {iHDRS1BayerSclInie}
1354,1,-1 // {iHDRS1BayerSclInio}
1355,1,-1 // {iHDRS2BayerSclFactor}
1356,1,-1 // {iHDRS2BayerSclInie}
1357,1,-1 // {iHDRS2BayerSclInio}
1360,1,0 // {iIcatAnsMatch}
1361,1,0 // {iIcatJpgCmpRatio}
1362,1,0 // {iIcatAnrYuvBlendRatio}
1366,1,0 // {iSobelmode}
1367,1,0 // {iSobelsft}
1368,1,0 // {iDben}
1369,1,0 // {iDbmode}
1370,1,0 // {iDbnorratio}
1371,1,0 // {iDblight}
1372,1,0 // {iDbdepth}
1374,1,0 // {iEcy1sel}
1375,1,0 // {iEcy1mode}
1376,1,0 // {iEcy2sel}
1378,1,0 // {iEcusel}
1379,1,0 // {iEcvsel}
1380,1,0 // {iEcyshib}
1381,1,0 // {iEcuvshib}
1382,1,0 // {iEcyc}
1383,1,0 // {iEcuc}
1384,1,0 // {iEcvc}
1385,1,0 // {iEcyratio}
1386,1,0 // {iEcuratio}
1387,1,0 // {iEcvratio}
1388,1,0 // {iEcyoff}
1389,1,0 // {iEcuoff}
1390,1,0 // {iEcvoff}
1391,1,0 // {iEcylowthr}
1392,1,0 // {iEcyhithr}
1393,1,0 // {iDvyen}
1394,1,0 // {iDvmode}
1395,1,0 // {iDvynorfact}
1396,1,0 // {iDvchagebg}
1397,1,0 // {iDvchagec}
1398,1,0 // {iMryluten}
1399,1,0 // {iBimixen}
1400,1,0 // {iBimode}
1401,1,0 // {iBiy1sel}
1402,1,0 // {iBiy2sel}
1403,1,0 // {iBiythr}
1404,1,0 // {iDigeff1pos}
1406,1,0 // {iObFwMode}
1407,1,0 // {iOb0mode}
1408,1,0 // {iOb0lthr}
1409,1,4095 // {iOb0hthr}
1410,1,0 // {iOb0valsel}
1411,1,0 // {iOb0hstr0}
1412,1,0 // {iOb0vstr0}
1413,1,0 // {iOb0hend0}
1414,1,0 // {iOb0vend0}
1415,1,0 // {iOb0hstr1}
1416,1,0 // {iOb0vstr1}
1417,1,0 // {iOb0hend1}
1418,1,0 // {iOb0vend1}
1419,1,0 // {iOb0ini}
1420,1,0 // {iObManualVal}
1421,1,0 // {iAtob0_r}
1422,1,0 // {iAtob0_gr}
1423,1,0 // {iAtob0_b}
1424,1,0 // {iAtob0_gb}
1425,1,0 // {iObAutoDetOnly}
1427,1,128,128,256,512,1024, // {iOSCNfac1~}
1432,1,1024,512,256,128,128, // {iOSCPfac1~}
1437,1,64,32,16,8, // {iOSCNthr1~}
1441,1,8,16,32,64, // {iOSCPthr1~}
1445,1,0 // {iOSCMsk}
1446,1,3 // {iSupppos}
1447,1,1 // {iLscpos}
1448,1,0 // {iPosWCCh}
1450,1,1 // {iPosDCCh}
1452,1,16 // {iPosWCXLev}
1453,1,8 // {iPosWCYLev}
1454,1,200 // {iPosWCXThr}
1455,1,192 // {iPosWCYThr}
1456,1,8 // {iPosDCXLev}
1457,1,16 // {iPosDCYLev}
1458,1,15 // {iPosDCXThr}
1459,1,30 // {iPosDCYThr}
1460,1,64 // {iPosDCRGThr}
1461,1,0 // {iPosDCBGThr}
1463,1,2048 // {fPreRg}
1464,1,2048 // {fPreGrg}
1465,1,2048 // {fPreBg}
1466,1,2048 // {fPreGbg}
1467,1,0 // {iPreDCRGThr}
1468,1,64 // {iPreDCBGThr}
1469,1,2 // {iPreWCCh}
1471,1,2 // {iPreDCCh}
1473,1,32 // {iPreWCXLev}
1474,1,16 // {iPreWCYLev}
1475,1,768 // {iPreWCXThr}
1476,1,1023 // {iPreWCYThr}
1477,1,16 // {iPreDCXLev}
1478,1,32 // {iPreDCYLev}
1479,1,200 // {iPreDCXThr}
1480,1,240 // {iPreDCYThr}
1483,1,0,0,0,0,0,0,0,0, // {iPjtn0~}
1492,1,0 // {iGMARoff}
1493,1,0 // {iGMAGoff}
1494,1,0 // {iGMABoff}
1496,1,0 // {iRGBGammainven}
1497,1,0 // {iPreGammaen}
1501,1,0 // {iRgbAccHSize}
1502,1,0 // {iRgbAccVSize}
1503,1,0 // {iRgbHerHSize}
1504,1,0 // {iRgbHerVSize}
1505,1,0 // {iSRawRgbAccHSize}
1506,1,0 // {iSRawRgbAccVSize}
1507,1,0 // {iSRawRgbHerHSize}
1508,1,0 // {iSRawRgbHerVSize}
1510,1,4 // {iSRlevel}
1511,1,1 // {iSRnormFactor1}
1512,1,3 // {iSRnormShft1}
1513,1,43 // {iSRnormFactor2}
1514,1,9 // {iSRnormShft2}
1516,1,0 // {iRThr}
1517,1,0 // {iGThr}
1518,1,0 // {iBThr}
1520,1,0 // {TDyuvmode}
1521,1,0 // {iTDmode}
1522,1,1 // {iTDscdrnd0}
1523,1,0 // {iTDscdrnd1}
1524,1,1 // {iTDscurnd0}
1525,1,0 // {iTDscurnd1}
1526,1,50 // {iTDedgeR1}
1527,1,50 // {iTDedgeR2}
1528,1,8 // {iTDYntblR}
1529,1,2 // {iTDUVntblR}
1530,1,8 // {iTDYdiffR}
1531,1,12 // {iTDUVdiffR}
1532,1,1 // {iTDwcven}
1533,1,255 // {iTDwcv}
1534,1,0 // {iTDWgainR1}
1535,1,55 // {iTDWgainR2}
1536,1,255,210,163,114,70,36,17,11,10,9,7,6,5,5,5,4,2, // {iTDwtbl0~}
1553,1,1,1,1,1,1,1,1,1,1,1,1,1,1,1,1,1,1, // {iTDeftbl0~}
1571,1,32 // {iUVLPF_CorUmin}
1572,1,32 // {iUVLPF_CorVmin}
1573,1,2 // {iUVLPF_CorUThr}
1574,1,2 // {iUVLPF_CorVThr}
1575,1,1 // {iUVLPF_CorUVal}
1576,1,1 // {iUVLPF_CorVVal}
1579,1,1 // {iUVLPF_IIRen}
1580,1,1 // {iUVLPF_DbrMode}
1581,1,1 // {iUVLPF_WbrMode}
1582,1,1 // {iUVLPF_DbrW}
1583,1,19 // {iUVLPF_WbrW}
1584,1,20 // {iUVLPF_SupEdgCThr}
1585,1,0 // {iUVLPF_DbrMskSze}
1586,1,0 // {iUVLPF_WbrMskSze}
1587,1,2 // {iUVLPF_DbrFtrOpt}
1588,1,0 // {iUVLPF_DbrEdgPat}
1589,1,0 // {iUVLPF_SupEdgDiv}
1590,1,65 // {iUVLPF_Std_Fac}
1591,1,50 // {iUVLPF_YwThr}
1592,1,7 // {iUVLPF_YwWidth}
1593,1,1,16,32,48,64,80,96,112,128,144,160,176,192,208,224,240,255, // {iMedLUT0~}
1610,1,0 // {iUVLPF_Rnd}
1614,1,1 // {iVMFGMode}
1615,1,8 // {iHFW}
1616,1,1 // {iVMFMinSelP}
1617,1,1 // {iVMFMinSelN}
1618,1,1 // {iVMFIIRen}
1620,1,0 // {iWdr8x8BlueEn}
1621,1,0 // {iWdr8x8DarkEn}
1622,1,0 // {iWdr8x8IsoValue}
1623,1,0 // {iWdr8x8LvTbl}
1624,1,0 // {iWdr8x8BriTbl}
1626,1,0 // {iRGBWDRen}
1627,1,1 // {iRGBYga}
1628,1,192 // {iRGBCoeQ}
1629,1,255 // {iRGBKs}
1630,1,1 // {iRGBYoff}
1631,1,1331,1330,1329,1328,1327,1326,1325,1324,1323,1322,1321,1194,1057,920,784,647, // {iRGBQFac0~}
1647,1,1009,1010,1011,1012,1013,1014,1015,1016,1017,1018,1019,1020,1021,1022,1023,1024, // {iRGBGf0~}
1663,1,1024,1023,1022,1021,1020,1019,1018,1017,1016,1015,1014,1013,1012,1011,1010,1009, // {iRGBRBf0~}
1626,1,0 // {iRGBWDRen}
1627,1,1 // {iRGBYga}
1628,1,192 // {iRGBCoeQ}
1629,1,255 // {iRGBKs}
1630,1,1 // {iRGBYoff}
1736,1,0 // {iRo}
1737,1,0 // {iGro}
1738,1,0 // {iBo}
1739,1,0 // {iGbo}
1741,1,1608 // {fRg}
1742,1,1024 // {fGrg}
1743,1,2472 // {fBg}
1744,1,1024 // {fGbg}
1746,1,1608 // {fWinRg}
1747,1,1024 // {fWinGrg}
1748,1,2472 // {fWinBg}
1749,1,1024 // {fWinGbg}
1751,1,3 // {fYHDiv}
1752,1,0 // {fYDiv}
1753,1,0 // {fYHTDiv}
1754,1,186 // {iLUTNthr}
1755,1,316 // {iLUTPthr}
1756,1,0,17,34,51,68,85,102,119,136,153,170,187,204,221,238,255, // {iYGLUT0~}
1772,1,128 // {fHFGain}
1773,1,0 // {iYH_Lothr}
1774,1,511 // {iYH_Hithr}
1775,1,32 // {fYEdgeFwGain}
1778,1,1 // {iCeratioen}
1779,1,200 // {fCeratio}
1780,1,1 // {iCetidxoff}
1781,1,0 // {iCeBitfac}
1782,1,7 // {iCeStpsze}
1783,1,63 // {iCecol}
1784,1,47 // {iCerow}
1785,1,90 // {iCetidx0}
1786,1,418 // {iCetidx1}
1787,1,613 // {iCetidx2}
1788,1,928 // {iCetidx3}
1792,1,3 // {iYNESupEdgDiv}
1793,1,1 // {iYNESobConvMode}
1794,1,42 // {iYNEEdgStdThr}
1795,1,1024 // {iYNEShrThr}
1796,1,0 // {iYDbrFtrOptL2}
1797,1,0 // {iYDbrFtrOptL1}
1798,1,0 // {iYWbrFtrOpt}
1799,1,1 // {iYNESob_Frac_Bit}
1800,1,5 // {iYNESupEdgYWidth}
1801,1,224 // {iYWbrW}
1802,1,2 // {iYDbrW}
1803,1,22 // {iYNEYStrongEdgThr}
1804,1,8 // {iYNESupEdgYThr}
1805,1,2 // {iYNEYWeakEdgThr}
1806,1,18 // {iYNEYSpotThr}
1807,1,1024 // {iYNESobLUT0}
1808,1,768 // {iYNESobLUT1}
1809,1,1536 // {iYNESobLUT2}
1810,1,1792 // {iYNESobLUT3}
1811,1,2048 // {iYNESobLUT4}
1812,1,1792 // {iYNESobLUT5}
1813,1,1536 // {iYNESobLUT6}
1814,1,768 // {iYNESobLUT7}
1815,1,1 // {iYDbr5Offen}
1816,1,1 // {iYDbr3Offen}
1817,1,1 // {iYEdgDbr5Offen}
1818,1,0 // {iYNEStd_Frac_Bit}
1821,1,0 // {iYGammainven}
1822,1,0 // {iGMAYoff}
1825,1,0 // {iYDpkFtrOptP}
1826,1,0 // {iYDpkFtrOptN}
1827,1,0 // {iYuvAccHSize}
1828,1,0 // {iYuvAccVSize}
1829,1,0 // {iYuvHerHSize}
1830,1,0 // {iYuvHerVSize}
1831,1,0 // {iSRawYuvAccHSize}
1832,1,0 // {iSRawYuvAccVSize}
1833,1,0 // {iSRawYuvHerHSize}
1834,1,0 // {iSRawYuvHerVSize}
1837,1,0 // {iYuvmixfact}
5,2,8,6,8,6,8, // {iAHD_CorUmin0~}
10,2,6,8,6,8,6, // {iAHD_CorVmin0~}
15,2,8,8,8,8,8, // {iAHD_CorUThr2_U0~}
20,2,8,8,8,8,8, // {iAHD_CorVThr2_V0~}
25,2,4,4,4,4,4, // {iAHD_CorUThr1_U0~}
30,2,4,4,4,4,4, // {iAHD_CorVThr1_V0~}
35,2,2,2,2,2,2, // {iAHD_CorUThr0_U0~}
40,2,2,2,2,2,2, // {iAHD_CorVThr0_V0~}
45,2,1,0,2,3,1, // {iAHD_CorUVal2_U0~}
50,2,0,0,0,0,0, // {iAHD_CorVVal2_V0~}
55,2,2,2,2,2,2, // {iAHD_CorUVal1_U0~}
60,2,2,2,2,2,2, // {iAHD_CorVVal1_V0~}
65,2,1,1,1,1,1, // {iAHD_CorUVal0_U0~}
70,2,1,1,1,1,1, // {iAHD_CorVVal0_V0~}
76,2,0 // {iAHD_CeRatioen_L1}
78,2,200 // {fAHD_CeRatio_L1}
79,2,1 // {iAHD_CeIndxOffset_L1}
80,2,0 // {iAHD_CeStep1_L1}
81,2,7 // {iAHD_CeStep2_L1}
82,2,81 // {iAHD_CeCx_L1}
83,2,59 // {iAHD_CeCy_L1}
84,2,90,418,613,928, // {iAHD_CeDeg1_L1~}
89,2,0 // {iAHD_CeRatioen_L2}
91,2,200 // {fAHD_CeRatio_L2}
92,2,1 // {iAHD_CeIndxOffset_L2}
93,2,0 // {iAHD_CeStep1_L2}
94,2,5 // {iAHD_CeStep2_L2}
95,2,43 // {iAHD_CeCx_L2}
96,2,33 // {iAHD_CeCy_L2}
97,2,90,418,613,928, // {iAHD_CeDeg1_L2~}
101,2,0 // {iHFBoosten}
102,2,32 // {fAHD_BoostGain}
103,2,1 // {iDotSupEdgDiv}
104,2,1 // {iDotSobConvMode}
105,2,0 // {iDotSob_Frac_Bit}
106,2,1024 // {iDotShrThr}
107,2,1024,1536,1792,2048,2000,1281,1152,768, // {iDotSobLUT0~}
115,2,5 // {iDotSupEdgYWidth}
116,2,16 // {iDotSupEdgYThr}
117,2,2 // {iDotAraNLimit}
118,2,2 // {iDotAraPLimit}
119,2,128 // {iDotPekNLimit}
120,2,127 // {iDotPekPLimit}
121,2,255 // {iYHF1NLimit}
122,2,255 // {iYHF1PLimit}
123,2,160,159,152,143,144,128,133,121, // {iDotShrLUT0~}
131,2,1 // {iAHD_GryStpOpt}
132,2,0,6,23,49,83,121,159,194,255, // {iAHD_GryYLUT0~}
141,2,0,0,0,0,0, // {iAHD_GryMode~}
151,2,254,254,254,254,254, // {iAHD_GryGThr~}
156,2,6,7,8,9,10, // {iAHD_GryUmin0~}
161,2,6,7,8,9,10, // {iAHD_GryVmin0~}
168,2,32,56,8,24, // {fAHD_HFShrNorGain_Y0~}
172,2,1,1,1,1,1, // {iYHFEdgCntEn0~}
177,2,512,256,128,768,64, // {iNFacyX0~}
182,2,8,11,15,23,1, // {iYHF_Edg_LUT0~}
187,2,1 // {iYHFCnt_PlusOne_LThr}
188,2,655 // {iYHF_Off}
189,2,5243 // {iYHF_Slope}
190,2,0,0,0,0,0, // {fAHDSclfac0~}
195,2,16,22,33,11,9, // {iUVStD_Flat_LUT0~}
200,2,13 // {iUVStDCnt_PlusOne_LThr}
201,2,16 // {iUVStD_Off}
202,2,640 // {iUVStD_Slope}
203,2,256 // {iUVStDMixRatio}
204,2,65 // {iUStDUser}
205,2,65 // {iVStDUser}
206,2,16,22,33,11,9, // {iUVStD_Flat_LUT0~}
211,2,13 // {iUVStDCnt_PlusOne_LThr}
212,2,16 // {iUVStD_Off}
213,2,640 // {iUVStD_Slope}
214,2,256 // {iUVStDMixRatio}
215,2,65 // {iUStDUser}
216,2,65 // {iVStDUser}
217,2,3,6,9,11,13, // {iUVLF_Flat_LUT0~}
222,2,13 // {iUVLFCnt_PlusOne_LThr}
223,2,16 // {iUVLF_Off}
224,2,640 // {iUVLF_Slope}
225,2,230 // {iULFMixRatio}
226,2,230 // {iVLFMixRatio}
227,2,3,6,9,11,13, // {iUVLF_Flat_LUT0~}
232,2,13 // {iUVLFCnt_PlusOne_LThr}
233,2,16 // {iUVLF_Off}
234,2,640 // {iUVLF_Slope}
235,2,230 // {iULFMixRatio}
236,2,230 // {iVLFMixRatio}
237,2,0,0,0,0,0, // {iAHD_UV0_IIRen~}
238,2,0,0,0,0,0, // {iAHD_Y0en~}
239,2,0,0,0,0,0, // {iAHD_UV0en~}
240,2,128,60,255,255,255, // {fAHD_Scl_Y0~}
241,2,255,255,255,255,255, // {fAHD_Scl_U0~}
242,2,255,255,255,255,255, // {fAHD_Scl_V0~}
243,2,38,38,38,38,32, // {fAHD_Ctr_Y0~}
244,2,38,38,32,32,38, // {fAHD_Ctr_U0~}
245,2,38,38,32,32,38, // {fAHD_Ctr_V0~}
246,2,128,768,512,128, // {iAHD_NLThr0_Y0~}
250,2,128,768,512,128, // {iAHD_PLThr0_Y0~}
254,2,510,511,512,509, // {iAHD_NLThr0_UV0~}
258,2,509,510,511,512, // {iAHD_PLThr0_UV0~}
262,2,5,128,192, // {iAHD_HFNL1_Y0~}
265,2,5,128,192, // {iAHD_HFPL0_Y0~}
268,2,64,128,192, // {iAHD_HFNL1_UV0~}
271,2,64,128,192, // {iAHD_HFPL0_UV0~}
274,2,2000,2048,2048,2048,2048, // {iAHD_ThrH_Y0~}
275,2,1999,2048,2048,1536,768, // {iAHD_ThrH_UV0~}
276,2,1999,2048,2048,1536,768, // {iAHD_ThrH_UV0~}
277,2,119,114,109,103,98,93,88,83,78,73,68,62,57,52,47,42,37, // {iAHD_NVar0_Y0~}
294,2,72,69,66,63,60,57,54,50,47, // {iAHD_NVar0_U0~}
303,2,46,42,39,35,31,28,24,21,17, // {iAHD_NVar0_V0~}
321,2,515,514,513,512, // {iAHD_NLThr0_Y1~}
325,2,515,514,513,512, // {iAHD_PLThr0_Y1~}
329,2,8,510,511,512, // {iAHD_NLThr0_UV1~}
333,2,8,510,511,512, // {iAHD_PLThr0_UV1~}
337,2,32,128,192, // {iAHD_HFNL1_Y1~}
340,2,32,128,192, // {iAHD_HFPL0_Y1~}
343,2,16,128,192, // {iAHD_HFNL1_UV1~}
346,2,16,128,192, // {iAHD_HFPL0_UV1~}
352,2,90,85,81,77,73,69,65,60,56,52,48,44,39,35,31,27,23, // {iAHD_NVar0_Y1~}
369,2,68,64,59,55,50,45,41,36,32, // {iAHD_NVar0_U1~}
378,2,57,52,47,42,37,32,27,22,17, // {iAHD_NVar0_V1~}
396,2,8,766,767,768, // {iAHD_NLThr0_Y2~}
400,2,8,766,767,768, // {iAHD_PLThr0_Y2~}
404,2,128,125,126,127, // {iAHD_NLThr0_UV2~}
408,2,128,126,127,128, // {iAHD_PLThr0_UV2~}
412,2,32,128,192, // {iAHD_HFNL1_Y2~}
415,2,32,128,192, // {iAHD_HFPL0_Y2~}
418,2,64,128,192, // {iAHD_HFNL1_UV2~}
421,2,64,128,192, // {iAHD_HFPL0_UV2~}
427,2,56,53,51,48,45,42,40,37,34,31,29,26,23,20,18,15,12, // {iAHD_NVar0_Y2~}
444,2,64,58,53,48,43,37,32,27,22, // {iAHD_NVar0_U2~}
453,2,56,51,46,40,35,30,25,20,15, // {iAHD_NVar0_V2~}
471,2,8,126,127,128, // {iAHD_NLThr0_Y3~}
475,2,8,126,127,128, // {iAHD_PLThr0_Y3~}
479,2,1,10,9,8, // {iAHD_NLThr0_UV3~}
483,2,11,10,9,8, // {iAHD_PLThr0_UV3~}
487,2,16,128,192, // {iAHD_HFNL1_Y3~}
490,2,16,128,192, // {iAHD_HFPL0_Y3~}
493,2,64,128,192, // {iAHD_HFNL1_UV3~}
496,2,64,128,192, // {iAHD_HFPL0_UV3~}
502,2,52,49,47,44,42,39,37,34,32,29,27,24,22,19,17,15,12, // {iAHD_NVar0_Y3~}
519,2,86,79,72,65,57,51,43,36,29, // {iAHD_NVar0_U3~}
528,2,95,86,77,66,63,53,39,30,21, // {iAHD_NVar0_V3~}
546,2,8,126,127,128, // {iAHD_NLThr0_Y4~}
550,2,8,126,127,128, // {iAHD_PLThr0_Y4~}
554,2,11,10,9,8, // {iAHD_NLThr0_UV4~}
558,2,11,10,9,8, // {iAHD_PLThr0_UV4~}
562,2,16,128,192, // {iAHD_HFNL1_Y4~}
565,2,16,128,192, // {iAHD_HFPL0_Y4~}
568,2,64,128,192, // {iAHD_HFNL1_UV4~}
571,2,64,128,192, // {iAHD_HFPL0_UV4~}
577,2,19,19,18,17,16,16,15,14,13,13,12,11,10,9,9,8,7, // {iAHD_NVar0_Y4~}
594,2,33,30,27,24,22,19,16,13,10, // {iAHD_NVar0_U4~}
603,2,29,26,23,21,18,15,12,9,7, // {iAHD_NVar0_V4~}
612,2,4 // {iAHDmode}
614,2,0 // {iAHD_HFMode0_Y0}
615,2,0 // {iAHD_HFMode1_Y0}
616,2,0 // {iAHD_HFMode0_Y1}
617,2,0 // {iAHD_HFMode1_Y1}
618,2,0 // {iAHD_HFMode0_Y2}
619,2,0 // {iAHD_HFMode1_Y2}
620,2,0 // {iAHD_HFMode0_Y3}
621,2,0 // {iAHD_HFMode1_Y3}
622,2,0 // {iAHD_HFMode0_Y4}
623,2,0 // {iAHD_HFMode1_Y4}
624,2,0 // {iAHD_HFMode0_UV0}
625,2,0 // {iAHD_HFMode1_UV0}
626,2,0 // {iAHD_HFMode0_UV1}
627,2,0 // {iAHD_HFMode1_UV1}
628,2,0 // {iAHD_HFMode0_UV2}
629,2,0 // {iAHD_HFMode1_UV2}
630,2,0 // {iAHD_HFMode0_UV3}
631,2,0 // {iAHD_HFMode1_UV3}
632,2,0 // {iAHD_HFMode0_UV4}
633,2,0 // {iAHD_HFMode1_UV4}
634,2,1 // {iYBlrMskOpt2}
635,2,0 // {iYBlrMskOpt3}
636,2,1 // {iYBlrMskOpt4}
637,2,1 // {iUVBlrMskOpt2}
638,2,2 // {iUVBlrMskOpt3}
639,2,0 // {iUVBlrMskOpt4}
640,2,0,1,0,0,1, // {iAHD_SpkOpt_Y0~}
645,2,0,1,1,0,1, // {iAHD_SpkOpt_Y0~}
650,2,0,1,0,0,0, // {iAHD_SpkOpt_UV0~}
655,2,0,1,1,0,1, // {iAHD_SpkOpt_UV0~}
660,2,66,70,65,100,130, // {iAHD_BlrFac_Y0~}
665,2,65,66,67,68,69, // {iAHD_BlrFac_U0~}
670,2,65,66,67,68,69, // {iAHD_BlrFac_V0~}
675,2,32,36,40,24,48, // {fAHD_HFShrGain_Y0~}
680,2,36,16,24,56,48, // {fAHD_HFShrGain_UV0~}
690,2,101,102,103,104,105, // {iAHD_VarFac_Y0~}
695,2,655,202,97,57,37, // {iAHD_VarFac_U0~}
700,2,655,202,97,57,37, // {iAHD_VarFac_V0~}
705,2,0 // {fAHD_DiffShrGain_Y}
706,2,0 // {fAHD_DiffShrGain_U}
707,2,0 // {fAHD_DiffShrGain_V}
708,2,1 // {iAHDOSCMsk}
709,2,1024,768,512,384,256, // {iAHDOSCNfac1~}
714,2,253,383,511,767,1024, // {iAHDOSCPfac1~}
719,2,64,128,192,256, // {iAHDOSCNthr1~}
723,2,64,128,192,256, // {iAHDOSCPthr1~}
728,2,0 // {iAHD_YOffset}
729,2,0 // {iAHD_UOffset}
730,2,0 // {iAHD_VOffset}
731,2,1 // {iPass}
732,2,1,1,1,1,1, // {iAhd_Frac_Bit_Y0~}
737,2,1,1,1,1,1, // {iAhd_Frac_Bit_UV0~}
743,2,5 // {fAHDYHDiv}
744,2,0 // {fAHDYDiv}
745,2,0 // {fAHDYHTDiv}
746,2,186 // {iAHDLUTNthr}
747,2,316 // {iAHDLUTPthr}
748,2,0 // {iAHDYH_Lothr}
749,2,511 // {iAHDYH_Hithr}
750,2,56 // {fAHDHFGain}
751,2,892,313,17,1835,1902,2001, // {iAHDMsk0~}
757,2,0,17,34,51,68,85,102,119,136,153,170,187,204,221,238,255, // {iAHDYGLUT0~}
872,2,0 // {iAAmode}
873,2,1 // {iPBmin}
874,2,1 // {iPRmin}
875,2,0 // {iAvgthr}
876,2,1 // {iHSkip}
877,2,1 // {iVSkip}
878,2,0 // {iAAShrMode}
879,2,0 // {iAAShrScale}
880,2,1 // {iAADegr}
881,2,64 // {iAAAngw}
882,2,1 // {iAASShrThr1}
883,2,129 // {iAASShrThr2}
884,2,192 // {iAASShrThr3}
885,2,255 // {iAASShrThr4}
886,2,192 // {fAASShrGain_L}
887,2,64 // {fAASShrGain_M}
888,2,72 // {fAASShrGain_H}
889,2,65024 // {fAASShrSLPl}
890,2,256 // {fAASShrSLPh}
891,2,1 // {iAAPresel}
920,2,1 // {iCFCsobelMode}
921,2,1 // {iCFCblurMode}
922,2,5 // {iCFCsobelFactor}
923,2,12 // {iCFCsobelShift}
924,2,4 // {iCFCe0}
925,2,11 // {iCFCe1}
926,2,30 // {iCFCuvEdgeThr}
927,2,5 // {iCFCcorrExt}
928,2,16 // {iCFCcorrUThr}
929,2,64 // {iCFCcorrVThr}
930,2,64 // {iCFCblurThr}
931,2,18 // {iCFCblurFactor}
932,2,2 // {iCFCblurShift}
933,2,15 // {iCFCysRatio}
934,2,6 // {iCFCblendRatio}
936,2,0 // {iLdcCpuPar1}
937,2,0 // {iLdcCpuPar2}
938,2,0 // {iLdcCpuPar3}
939,2,0 // {iLdcCpuPar4}
940,2,0 // {iLdcCpuMPar1}
941,2,0 // {iLdcCpuMPar2}
942,2,0 // {iLdcCpuMPar3}
943,2,0 // {iLdcCpuMPar4}
944,2,0 // {iLdcCpuBPar}
1020,2,0 // {iBrioff}
1021,2,0 // {fConf}
1022,2,0 // {iBinthr}
1024,2,0 // {iCboff}
1025,2,0 // {iCroff}
1026,2,64,0,0,64, // {fA00~}
1030,2,0 // {iDiqbkdoorEn}
1031,2,0 // {iDiqExtCfgToCap}
1032,2,0 // {iDiqGlbSharp}
1033,2,64 // {iDiqGlbSat}
1034,2,0 // {iDiqBitrateCtrl}
1035,2,64 // {iDiqYnfDirBlurStrhScl}
1036,2,64 // {iDiqYnfWeigBlurStrhScl}
1037,2,64,0,0,0,64,0,0,0,64, // {iDiqSpcEffCm_00~}
1115,2,40,20,10,20,40, // {iYSharp_EdgLUT0~}
1120,2,1 // {iYSharpCnt_PlusOne_LThr}
1121,2,655 // {iYSharp_Off}
1122,2,5243 // {iYSharp_Slope}
1123,2,0 // {iYSharp_EdgCnten}
1124,2,1 // {iYSharp_CoreNegThr}
1125,2,2 // {iYSharp_CorePosThr}
1126,2,128 // {iYSharp_CGain}
1128,2,4 // {iYSharp_Umin}
1129,2,4 // {iYSharp_Vmin}
1130,2,0 // {iYSharp_YHSel}
1131,2,0 // {iYSharp_YGLUTSel}
1132,2,1 // {iMskAen}
1133,2,1 // {iMskBen}
1134,2,1 // {iMskCen}
1135,2,1 // {iMskDen}
1136,2,819,358,84,1889,1916,1983,2000,2012,2033,0,2045,0,2046,0,2047, // {iMskA0~}
1151,2,64,36,2032,2032,2040,2044, // {iMskB0~}
1157,2,20,2,2045,2,1,2046,2045,2046,2047, // {iMskCD0~}
1167,2,7 // {iHCWid}
1168,2,1 // {iCBmin}
1169,2,1 // {iCRmin}
1170,2,40 // {iHCLoThr}
1175,2,38 // {iLdkhthsize}
1176,2,28 // {iLdkhtvsize}
1177,2,0 // {iLdkhthgain}
1178,2,0 // {iLdkhtvgain}
1179,2,3 // {iLdkhhstep}
1180,2,3 // {iLdkhvstep}
1181,2,128 // {iLDCcmpy}
1182,2,0 // {iLDCcmpu}
1183,2,0 // {iLDCcmpv}
1184,2,256 // {iLDCGain}
1185,2,256 // {iLDCCustGain}
1186,2,0 // {ildWordCntPtr}
1187,2,0 // {ildParPtr}
1366,2,0 // {iSobelmode}
1367,2,0 // {iSobelsft}
1368,2,0 // {iDben}
1369,2,0 // {iDbmode}
1370,2,0 // {iDbnorratio}
1371,2,0 // {iDblight}
1372,2,0 // {iDbdepth}
1374,2,0 // {iEcy1sel}
1375,2,0 // {iEcy1mode}
1376,2,0 // {iEcy2sel}
1378,2,0 // {iEcusel}
1379,2,0 // {iEcvsel}
1380,2,0 // {iEcyshib}
1381,2,0 // {iEcuvshib}
1382,2,0 // {iEcyc}
1383,2,0 // {iEcuc}
1384,2,0 // {iEcvc}
1385,2,0 // {iEcyratio}
1386,2,0 // {iEcuratio}
1387,2,0 // {iEcvratio}
1388,2,0 // {iEcyoff}
1389,2,0 // {iEcuoff}
1390,2,0 // {iEcvoff}
1391,2,0 // {iEcylowthr}
1392,2,0 // {iEcyhithr}
1393,2,0 // {iDvyen}
1394,2,0 // {iDvmode}
1395,2,0 // {iDvynorfact}
1396,2,0 // {iDvchagebg}
1397,2,0 // {iDvchagec}
1398,2,0 // {iMryluten}
1399,2,0 // {iBimixen}
1400,2,0 // {iBimode}
1401,2,0 // {iBiy1sel}
1402,2,0 // {iBiy2sel}
1403,2,0 // {iBiythr}
1404,2,0 // {iDigeff1pos}
1427,2,128,128,256,512,1024, // {iOSCNfac1~}
1432,2,1024,512,256,128,128, // {iOSCPfac1~}
1437,2,64,32,16,8, // {iOSCNthr1~}
1441,2,8,16,32,64, // {iOSCPthr1~}
1445,2,0 // {iOSCMsk}
1446,2,3 // {iSupppos}
1483,2,0,0,0,0,0,0,0,0, // {iPjtn0~}
1510,2,4 // {iSRlevel}
1511,2,1 // {iSRnormFactor1}
1512,2,3 // {iSRnormShft1}
1513,2,43 // {iSRnormFactor2}
1514,2,9 // {iSRnormShft2}
1571,2,32 // {iUVLPF_CorUmin}
1572,2,32 // {iUVLPF_CorVmin}
1573,2,2 // {iUVLPF_CorUThr}
1574,2,2 // {iUVLPF_CorVThr}
1575,2,1 // {iUVLPF_CorUVal}
1576,2,1 // {iUVLPF_CorVVal}
1579,2,1 // {iUVLPF_IIRen}
1580,2,1 // {iUVLPF_DbrMode}
1581,2,1 // {iUVLPF_WbrMode}
1582,2,1 // {iUVLPF_DbrW}
1583,2,19 // {iUVLPF_WbrW}
1584,2,20 // {iUVLPF_SupEdgCThr}
1585,2,0 // {iUVLPF_DbrMskSze}
1586,2,0 // {iUVLPF_WbrMskSze}
1587,2,2 // {iUVLPF_DbrFtrOpt}
1588,2,0 // {iUVLPF_DbrEdgPat}
1589,2,0 // {iUVLPF_SupEdgDiv}
1590,2,65 // {iUVLPF_Std_Fac}
1591,2,50 // {iUVLPF_YwThr}
1592,2,7 // {iUVLPF_YwWidth}
1593,2,1,16,32,48,64,80,96,112,128,144,160,176,192,208,224,240,255, // {iMedLUT0~}
1610,2,0 // {iUVLPF_Rnd}
1620,2,0 // {iWdr8x8BlueEn}
1621,2,0 // {iWdr8x8DarkEn}
1622,2,0 // {iWdr8x8IsoValue}
1623,2,0 // {iWdr8x8LvTbl}
1624,2,0 // {iWdr8x8BriTbl}
1626,2,0 // {iRGBWDRen}
1627,2,1 // {iRGBYga}
1628,2,192 // {iRGBCoeQ}
1629,2,255 // {iRGBKs}
1630,2,1 // {iRGBYoff}
1631,2,1331,1330,1329,1328,1327,1326,1325,1324,1323,1322,1321,1194,1057,920,784,647, // {iRGBQFac0~}
1647,2,1009,1010,1011,1012,1013,1014,1015,1016,1017,1018,1019,1020,1021,1022,1023,1024, // {iRGBGf0~}
1663,2,1024,1023,1022,1021,1020,1019,1018,1017,1016,1015,1014,1013,1012,1011,1010,1009, // {iRGBRBf0~}
1751,2,3 // {fYHDiv}
1752,2,0 // {fYDiv}
1753,2,0 // {fYHTDiv}
1754,2,186 // {iLUTNthr}
1755,2,316 // {iLUTPthr}
1756,2,0,17,34,51,68,85,102,119,136,153,170,187,204,221,238,255, // {iYGLUT0~}
1772,2,128 // {fHFGain}
1773,2,0 // {iYH_Lothr}
1774,2,511 // {iYH_Hithr}
1775,2,32 // {fYEdgeFwGain}
1778,2,1 // {iCeratioen}
1779,2,200 // {fCeratio}
1780,2,1 // {iCetidxoff}
1781,2,0 // {iCeBitfac}
1782,2,7 // {iCeStpsze}
1783,2,63 // {iCecol}
1784,2,47 // {iCerow}
1785,2,90 // {iCetidx0}
1786,2,418 // {iCetidx1}
1787,2,613 // {iCetidx2}
1788,2,928 // {iCetidx3}
1792,2,3 // {iYNESupEdgDiv}
1793,2,1 // {iYNESobConvMode}
1794,2,42 // {iYNEEdgStdThr}
1795,2,1024 // {iYNEShrThr}
1796,2,0 // {iYDbrFtrOptL2}
1797,2,0 // {iYDbrFtrOptL1}
1798,2,0 // {iYWbrFtrOpt}
1799,2,1 // {iYNESob_Frac_Bit}
1800,2,5 // {iYNESupEdgYWidth}
1801,2,224 // {iYWbrW}
1802,2,2 // {iYDbrW}
1803,2,22 // {iYNEYStrongEdgThr}
1804,2,8 // {iYNESupEdgYThr}
1805,2,2 // {iYNEYWeakEdgThr}
1806,2,18 // {iYNEYSpotThr}
1807,2,1024 // {iYNESobLUT0}
1808,2,768 // {iYNESobLUT1}
1809,2,1536 // {iYNESobLUT2}
1810,2,1792 // {iYNESobLUT3}
1811,2,2048 // {iYNESobLUT4}
1812,2,1792 // {iYNESobLUT5}
1813,2,1536 // {iYNESobLUT6}
1814,2,768 // {iYNESobLUT7}
1815,2,1 // {iYDbr5Offen}
1816,2,1 // {iYDbr3Offen}
1817,2,1 // {iYEdgDbr5Offen}
1818,2,0 // {iYNEStd_Frac_Bit}
1821,2,0 // {iYGammainven}
1822,2,0 // {iGMAYoff}
1825,2,0 // {iYDpkFtrOptP}
1826,2,0 // {iYDpkFtrOptN}
1827,2,0 // {iYuvAccHSize}
1828,2,0 // {iYuvAccVSize}
1829,2,0 // {iYuvHerHSize}
1830,2,0 // {iYuvHerVSize}
1837,2,0 // {iYuvmixfact}
5,3,8,6,8,6,8, // {iAHD_CorUmin0~}
10,3,6,8,6,8,6, // {iAHD_CorVmin0~}
15,3,8,8,8,8,8, // {iAHD_CorUThr2_U0~}
20,3,8,8,8,8,8, // {iAHD_CorVThr2_V0~}
25,3,4,4,4,4,4, // {iAHD_CorUThr1_U0~}
30,3,4,4,4,4,4, // {iAHD_CorVThr1_V0~}
35,3,2,2,2,2,2, // {iAHD_CorUThr0_U0~}
40,3,2,2,2,2,2, // {iAHD_CorVThr0_V0~}
45,3,1,0,2,3,1, // {iAHD_CorUVal2_U0~}
50,3,0,0,0,0,0, // {iAHD_CorVVal2_V0~}
55,3,2,2,2,2,2, // {iAHD_CorUVal1_U0~}
60,3,2,2,2,2,2, // {iAHD_CorVVal1_V0~}
65,3,1,1,1,1,1, // {iAHD_CorUVal0_U0~}
70,3,1,1,1,1,1, // {iAHD_CorVVal0_V0~}
76,3,0 // {iAHD_CeRatioen_L1}
78,3,200 // {fAHD_CeRatio_L1}
79,3,1 // {iAHD_CeIndxOffset_L1}
80,3,0 // {iAHD_CeStep1_L1}
81,3,7 // {iAHD_CeStep2_L1}
82,3,81 // {iAHD_CeCx_L1}
83,3,59 // {iAHD_CeCy_L1}
84,3,90,418,613,928, // {iAHD_CeDeg1_L1~}
89,3,0 // {iAHD_CeRatioen_L2}
91,3,200 // {fAHD_CeRatio_L2}
92,3,1 // {iAHD_CeIndxOffset_L2}
93,3,0 // {iAHD_CeStep1_L2}
94,3,5 // {iAHD_CeStep2_L2}
95,3,43 // {iAHD_CeCx_L2}
96,3,33 // {iAHD_CeCy_L2}
97,3,90,418,613,928, // {iAHD_CeDeg1_L2~}
101,3,0 // {iHFBoosten}
102,3,32 // {fAHD_BoostGain}
103,3,1 // {iDotSupEdgDiv}
104,3,1 // {iDotSobConvMode}
105,3,0 // {iDotSob_Frac_Bit}
106,3,1024 // {iDotShrThr}
107,3,1024,1536,1792,2048,2000,1281,1152,768, // {iDotSobLUT0~}
115,3,5 // {iDotSupEdgYWidth}
116,3,16 // {iDotSupEdgYThr}
117,3,2 // {iDotAraNLimit}
118,3,2 // {iDotAraPLimit}
119,3,128 // {iDotPekNLimit}
120,3,127 // {iDotPekPLimit}
121,3,255 // {iYHF1NLimit}
122,3,255 // {iYHF1PLimit}
123,3,160,159,152,143,144,128,133,121, // {iDotShrLUT0~}
131,3,1 // {iAHD_GryStpOpt}
132,3,0,6,23,49,83,121,159,194,255, // {iAHD_GryYLUT0~}
141,3,0,0,0,0,0, // {iAHD_GryMode~}
151,3,254,254,254,254,254, // {iAHD_GryGThr~}
156,3,6,7,8,9,10, // {iAHD_GryUmin0~}
161,3,6,7,8,9,10, // {iAHD_GryVmin0~}
168,3,32,56,8,24, // {fAHD_HFShrNorGain_Y0~}
172,3,1,1,1,1,1, // {iYHFEdgCntEn0~}
177,3,512,256,128,768,64, // {iNFacyX0~}
182,3,8,11,15,23,1, // {iYHF_Edg_LUT0~}
187,3,1 // {iYHFCnt_PlusOne_LThr}
188,3,655 // {iYHF_Off}
189,3,5243 // {iYHF_Slope}
190,3,0,0,0,0,0, // {fAHDSclfac0~}
195,3,16,22,33,11,9, // {iUVStD_Flat_LUT0~}
200,3,13 // {iUVStDCnt_PlusOne_LThr}
201,3,16 // {iUVStD_Off}
202,3,640 // {iUVStD_Slope}
203,3,256 // {iUVStDMixRatio}
204,3,65 // {iUStDUser}
205,3,65 // {iVStDUser}
206,3,16,22,33,11,9, // {iUVStD_Flat_LUT0~}
211,3,13 // {iUVStDCnt_PlusOne_LThr}
212,3,16 // {iUVStD_Off}
213,3,640 // {iUVStD_Slope}
214,3,256 // {iUVStDMixRatio}
215,3,65 // {iUStDUser}
216,3,65 // {iVStDUser}
217,3,3,6,9,11,13, // {iUVLF_Flat_LUT0~}
222,3,13 // {iUVLFCnt_PlusOne_LThr}
223,3,16 // {iUVLF_Off}
224,3,640 // {iUVLF_Slope}
225,3,230 // {iULFMixRatio}
226,3,230 // {iVLFMixRatio}
227,3,3,6,9,11,13, // {iUVLF_Flat_LUT0~}
232,3,13 // {iUVLFCnt_PlusOne_LThr}
233,3,16 // {iUVLF_Off}
234,3,640 // {iUVLF_Slope}
235,3,230 // {iULFMixRatio}
236,3,230 // {iVLFMixRatio}
237,3,0,0,0,0,0, // {iAHD_UV0_IIRen~}
238,3,0,0,0,0,0, // {iAHD_Y0en~}
239,3,0,0,0,0,0, // {iAHD_UV0en~}
240,3,128,60,255,255,255, // {fAHD_Scl_Y0~}
241,3,255,255,255,255,255, // {fAHD_Scl_U0~}
242,3,255,255,255,255,255, // {fAHD_Scl_V0~}
243,3,38,38,38,38,32, // {fAHD_Ctr_Y0~}
244,3,38,38,32,32,38, // {fAHD_Ctr_U0~}
245,3,38,38,32,32,38, // {fAHD_Ctr_V0~}
246,3,128,768,512,128, // {iAHD_NLThr0_Y0~}
250,3,128,768,512,128, // {iAHD_PLThr0_Y0~}
254,3,510,511,512,509, // {iAHD_NLThr0_UV0~}
258,3,509,510,511,512, // {iAHD_PLThr0_UV0~}
262,3,5,128,192, // {iAHD_HFNL1_Y0~}
265,3,5,128,192, // {iAHD_HFPL0_Y0~}
268,3,64,128,192, // {iAHD_HFNL1_UV0~}
271,3,64,128,192, // {iAHD_HFPL0_UV0~}
274,3,2000,2048,2048,2048,2048, // {iAHD_ThrH_Y0~}
275,3,1999,2048,2048,1536,768, // {iAHD_ThrH_UV0~}
276,3,1999,2048,2048,1536,768, // {iAHD_ThrH_UV0~}
277,3,119,114,109,103,98,93,88,83,78,73,68,62,57,52,47,42,37, // {iAHD_NVar0_Y0~}
294,3,72,69,66,63,60,57,54,50,47, // {iAHD_NVar0_U0~}
303,3,46,42,39,35,31,28,24,21,17, // {iAHD_NVar0_V0~}
321,3,515,514,513,512, // {iAHD_NLThr0_Y1~}
325,3,515,514,513,512, // {iAHD_PLThr0_Y1~}
329,3,8,510,511,512, // {iAHD_NLThr0_UV1~}
333,3,8,510,511,512, // {iAHD_PLThr0_UV1~}
337,3,32,128,192, // {iAHD_HFNL1_Y1~}
340,3,32,128,192, // {iAHD_HFPL0_Y1~}
343,3,16,128,192, // {iAHD_HFNL1_UV1~}
346,3,16,128,192, // {iAHD_HFPL0_UV1~}
352,3,90,85,81,77,73,69,65,60,56,52,48,44,39,35,31,27,23, // {iAHD_NVar0_Y1~}
369,3,68,64,59,55,50,45,41,36,32, // {iAHD_NVar0_U1~}
378,3,57,52,47,42,37,32,27,22,17, // {iAHD_NVar0_V1~}
396,3,8,766,767,768, // {iAHD_NLThr0_Y2~}
400,3,8,766,767,768, // {iAHD_PLThr0_Y2~}
404,3,128,125,126,127, // {iAHD_NLThr0_UV2~}
408,3,128,126,127,128, // {iAHD_PLThr0_UV2~}
412,3,32,128,192, // {iAHD_HFNL1_Y2~}
415,3,32,128,192, // {iAHD_HFPL0_Y2~}
418,3,64,128,192, // {iAHD_HFNL1_UV2~}
421,3,64,128,192, // {iAHD_HFPL0_UV2~}
427,3,56,53,51,48,45,42,40,37,34,31,29,26,23,20,18,15,12, // {iAHD_NVar0_Y2~}
444,3,64,58,53,48,43,37,32,27,22, // {iAHD_NVar0_U2~}
453,3,56,51,46,40,35,30,25,20,15, // {iAHD_NVar0_V2~}
471,3,8,126,127,128, // {iAHD_NLThr0_Y3~}
475,3,8,126,127,128, // {iAHD_PLThr0_Y3~}
479,3,1,10,9,8, // {iAHD_NLThr0_UV3~}
483,3,11,10,9,8, // {iAHD_PLThr0_UV3~}
487,3,16,128,192, // {iAHD_HFNL1_Y3~}
490,3,16,128,192, // {iAHD_HFPL0_Y3~}
493,3,64,128,192, // {iAHD_HFNL1_UV3~}
496,3,64,128,192, // {iAHD_HFPL0_UV3~}
502,3,52,49,47,44,42,39,37,34,32,29,27,24,22,19,17,15,12, // {iAHD_NVar0_Y3~}
519,3,86,79,72,65,57,51,43,36,29, // {iAHD_NVar0_U3~}
528,3,95,86,77,66,63,53,39,30,21, // {iAHD_NVar0_V3~}
546,3,8,126,127,128, // {iAHD_NLThr0_Y4~}
550,3,8,126,127,128, // {iAHD_PLThr0_Y4~}
554,3,11,10,9,8, // {iAHD_NLThr0_UV4~}
558,3,11,10,9,8, // {iAHD_PLThr0_UV4~}
562,3,16,128,192, // {iAHD_HFNL1_Y4~}
565,3,16,128,192, // {iAHD_HFPL0_Y4~}
568,3,64,128,192, // {iAHD_HFNL1_UV4~}
571,3,64,128,192, // {iAHD_HFPL0_UV4~}
577,3,19,19,18,17,16,16,15,14,13,13,12,11,10,9,9,8,7, // {iAHD_NVar0_Y4~}
594,3,33,30,27,24,22,19,16,13,10, // {iAHD_NVar0_U4~}
603,3,29,26,23,21,18,15,12,9,7, // {iAHD_NVar0_V4~}
612,3,4 // {iAHDmode}
614,3,0 // {iAHD_HFMode0_Y0}
615,3,0 // {iAHD_HFMode1_Y0}
616,3,0 // {iAHD_HFMode0_Y1}
617,3,0 // {iAHD_HFMode1_Y1}
618,3,0 // {iAHD_HFMode0_Y2}
619,3,0 // {iAHD_HFMode1_Y2}
620,3,0 // {iAHD_HFMode0_Y3}
621,3,0 // {iAHD_HFMode1_Y3}
622,3,0 // {iAHD_HFMode0_Y4}
623,3,0 // {iAHD_HFMode1_Y4}
624,3,0 // {iAHD_HFMode0_UV0}
625,3,0 // {iAHD_HFMode1_UV0}
626,3,0 // {iAHD_HFMode0_UV1}
627,3,0 // {iAHD_HFMode1_UV1}
628,3,0 // {iAHD_HFMode0_UV2}
629,3,0 // {iAHD_HFMode1_UV2}
630,3,0 // {iAHD_HFMode0_UV3}
631,3,0 // {iAHD_HFMode1_UV3}
632,3,0 // {iAHD_HFMode0_UV4}
633,3,0 // {iAHD_HFMode1_UV4}
634,3,1 // {iYBlrMskOpt2}
635,3,0 // {iYBlrMskOpt3}
636,3,1 // {iYBlrMskOpt4}
637,3,1 // {iUVBlrMskOpt2}
638,3,2 // {iUVBlrMskOpt3}
639,3,0 // {iUVBlrMskOpt4}
640,3,0,1,0,0,1, // {iAHD_SpkOpt_Y0~}
645,3,0,1,1,0,1, // {iAHD_SpkOpt_Y0~}
650,3,0,1,0,0,0, // {iAHD_SpkOpt_UV0~}
655,3,0,1,1,0,1, // {iAHD_SpkOpt_UV0~}
660,3,66,70,65,100,130, // {iAHD_BlrFac_Y0~}
665,3,65,66,67,68,69, // {iAHD_BlrFac_U0~}
670,3,65,66,67,68,69, // {iAHD_BlrFac_V0~}
675,3,32,36,40,24,48, // {fAHD_HFShrGain_Y0~}
680,3,36,16,24,56,48, // {fAHD_HFShrGain_UV0~}
690,3,101,102,103,104,105, // {iAHD_VarFac_Y0~}
695,3,655,202,97,57,37, // {iAHD_VarFac_U0~}
700,3,655,202,97,57,37, // {iAHD_VarFac_V0~}
705,3,0 // {fAHD_DiffShrGain_Y}
706,3,0 // {fAHD_DiffShrGain_U}
707,3,0 // {fAHD_DiffShrGain_V}
708,3,1 // {iAHDOSCMsk}
709,3,1024,768,512,384,256, // {iAHDOSCNfac1~}
714,3,253,383,511,767,1024, // {iAHDOSCPfac1~}
719,3,64,128,192,256, // {iAHDOSCNthr1~}
723,3,64,128,192,256, // {iAHDOSCPthr1~}
728,3,0 // {iAHD_YOffset}
729,3,0 // {iAHD_UOffset}
730,3,0 // {iAHD_VOffset}
731,3,1 // {iPass}
732,3,1,1,1,1,1, // {iAhd_Frac_Bit_Y0~}
737,3,1,1,1,1,1, // {iAhd_Frac_Bit_UV0~}
743,3,5 // {fAHDYHDiv}
744,3,0 // {fAHDYDiv}
745,3,0 // {fAHDYHTDiv}
746,3,186 // {iAHDLUTNthr}
747,3,316 // {iAHDLUTPthr}
748,3,0 // {iAHDYH_Lothr}
749,3,511 // {iAHDYH_Hithr}
750,3,56 // {fAHDHFGain}
751,3,892,313,17,1835,1902,2001, // {iAHDMsk0~}
757,3,0,17,34,51,68,85,102,119,136,153,170,187,204,221,238,255, // {iAHDYGLUT0~}
872,3,0 // {iAAmode}
873,3,1 // {iPBmin}
874,3,1 // {iPRmin}
875,3,0 // {iAvgthr}
876,3,1 // {iHSkip}
877,3,1 // {iVSkip}
878,3,0 // {iAAShrMode}
879,3,0 // {iAAShrScale}
880,3,1 // {iAADegr}
881,3,64 // {iAAAngw}
882,3,1 // {iAASShrThr1}
883,3,129 // {iAASShrThr2}
884,3,192 // {iAASShrThr3}
885,3,255 // {iAASShrThr4}
886,3,192 // {fAASShrGain_L}
887,3,64 // {fAASShrGain_M}
888,3,72 // {fAASShrGain_H}
889,3,65024 // {fAASShrSLPl}
890,3,256 // {fAASShrSLPh}
891,3,1 // {iAAPresel}
920,3,1 // {iCFCsobelMode}
921,3,1 // {iCFCblurMode}
922,3,5 // {iCFCsobelFactor}
923,3,12 // {iCFCsobelShift}
924,3,4 // {iCFCe0}
925,3,11 // {iCFCe1}
926,3,30 // {iCFCuvEdgeThr}
927,3,5 // {iCFCcorrExt}
928,3,16 // {iCFCcorrUThr}
929,3,64 // {iCFCcorrVThr}
930,3,64 // {iCFCblurThr}
931,3,18 // {iCFCblurFactor}
932,3,2 // {iCFCblurShift}
933,3,15 // {iCFCysRatio}
934,3,6 // {iCFCblendRatio}
936,3,0 // {iLdcCpuPar1}
937,3,0 // {iLdcCpuPar2}
938,3,0 // {iLdcCpuPar3}
939,3,0 // {iLdcCpuPar4}
940,3,0 // {iLdcCpuMPar1}
941,3,0 // {iLdcCpuMPar2}
942,3,0 // {iLdcCpuMPar3}
943,3,0 // {iLdcCpuMPar4}
944,3,0 // {iLdcCpuBPar}
1020,3,0 // {iBrioff}
1021,3,0 // {fConf}
1022,3,0 // {iBinthr}
1024,3,0 // {iCboff}
1025,3,0 // {iCroff}
1026,3,64,0,0,64, // {fA00~}
1030,3,0 // {iDiqbkdoorEn}
1031,3,0 // {iDiqExtCfgToCap}
1032,3,0 // {iDiqGlbSharp}
1033,3,64 // {iDiqGlbSat}
1034,3,0 // {iDiqBitrateCtrl}
1035,3,64 // {iDiqYnfDirBlurStrhScl}
1036,3,64 // {iDiqYnfWeigBlurStrhScl}
1037,3,64,0,0,0,64,0,0,0,64, // {iDiqSpcEffCm_00~}
1115,3,40,20,10,20,40, // {iYSharp_EdgLUT0~}
1120,3,1 // {iYSharpCnt_PlusOne_LThr}
1121,3,655 // {iYSharp_Off}
1122,3,5243 // {iYSharp_Slope}
1123,3,0 // {iYSharp_EdgCnten}
1124,3,1 // {iYSharp_CoreNegThr}
1125,3,2 // {iYSharp_CorePosThr}
1126,3,128 // {iYSharp_CGain}
1128,3,4 // {iYSharp_Umin}
1129,3,4 // {iYSharp_Vmin}
1130,3,0 // {iYSharp_YHSel}
1131,3,0 // {iYSharp_YGLUTSel}
1132,3,1 // {iMskAen}
1133,3,1 // {iMskBen}
1134,3,1 // {iMskCen}
1135,3,1 // {iMskDen}
1136,3,819,358,84,1889,1916,1983,2000,2012,2033,0,2045,0,2046,0,2047, // {iMskA0~}
1151,3,64,36,2032,2032,2040,2044, // {iMskB0~}
1157,3,20,2,2045,2,1,2046,2045,2046,2047, // {iMskCD0~}
1175,3,38 // {iLdkhthsize}
1176,3,28 // {iLdkhtvsize}
1177,3,0 // {iLdkhthgain}
1178,3,0 // {iLdkhtvgain}
1179,3,3 // {iLdkhhstep}
1180,3,3 // {iLdkhvstep}
1181,3,128 // {iLDCcmpy}
1182,3,0 // {iLDCcmpu}
1183,3,0 // {iLDCcmpv}
1184,3,256 // {iLDCGain}
1185,3,256 // {iLDCCustGain}
1186,3,0 // {ildWordCntPtr}
1187,3,0 // {ildParPtr}
1366,3,0 // {iSobelmode}
1367,3,0 // {iSobelsft}
1368,3,0 // {iDben}
1369,3,0 // {iDbmode}
1370,3,0 // {iDbnorratio}
1371,3,0 // {iDblight}
1372,3,0 // {iDbdepth}
1374,3,0 // {iEcy1sel}
1375,3,0 // {iEcy1mode}
1376,3,0 // {iEcy2sel}
1378,3,0 // {iEcusel}
1379,3,0 // {iEcvsel}
1380,3,0 // {iEcyshib}
1381,3,0 // {iEcuvshib}
1382,3,0 // {iEcyc}
1383,3,0 // {iEcuc}
1384,3,0 // {iEcvc}
1385,3,0 // {iEcyratio}
1386,3,0 // {iEcuratio}
1387,3,0 // {iEcvratio}
1388,3,0 // {iEcyoff}
1389,3,0 // {iEcuoff}
1390,3,0 // {iEcvoff}
1391,3,0 // {iEcylowthr}
1392,3,0 // {iEcyhithr}
1393,3,0 // {iDvyen}
1394,3,0 // {iDvmode}
1395,3,0 // {iDvynorfact}
1396,3,0 // {iDvchagebg}
1397,3,0 // {iDvchagec}
1398,3,0 // {iMryluten}
1399,3,0 // {iBimixen}
1400,3,0 // {iBimode}
1401,3,0 // {iBiy1sel}
1402,3,0 // {iBiy2sel}
1403,3,0 // {iBiythr}
1404,3,0 // {iDigeff1pos}
1427,3,128,128,256,512,1024, // {iOSCNfac1~}
1432,3,1024,512,256,128,128, // {iOSCPfac1~}
1437,3,64,32,16,8, // {iOSCNthr1~}
1441,3,8,16,32,64, // {iOSCPthr1~}
1445,3,0 // {iOSCMsk}
1446,3,3 // {iSupppos}
1483,3,0,0,0,0,0,0,0,0, // {iPjtn0~}
1510,3,4 // {iSRlevel}
1511,3,1 // {iSRnormFactor1}
1512,3,3 // {iSRnormShft1}
1513,3,43 // {iSRnormFactor2}
1514,3,9 // {iSRnormShft2}
1571,3,32 // {iUVLPF_CorUmin}
1572,3,32 // {iUVLPF_CorVmin}
1573,3,2 // {iUVLPF_CorUThr}
1574,3,2 // {iUVLPF_CorVThr}
1575,3,1 // {iUVLPF_CorUVal}
1576,3,1 // {iUVLPF_CorVVal}
1579,3,1 // {iUVLPF_IIRen}
1580,3,1 // {iUVLPF_DbrMode}
1581,3,1 // {iUVLPF_WbrMode}
1582,3,1 // {iUVLPF_DbrW}
1583,3,19 // {iUVLPF_WbrW}
1584,3,20 // {iUVLPF_SupEdgCThr}
1585,3,0 // {iUVLPF_DbrMskSze}
1586,3,0 // {iUVLPF_WbrMskSze}
1587,3,2 // {iUVLPF_DbrFtrOpt}
1588,3,0 // {iUVLPF_DbrEdgPat}
1589,3,0 // {iUVLPF_SupEdgDiv}
1590,3,65 // {iUVLPF_Std_Fac}
1591,3,50 // {iUVLPF_YwThr}
1592,3,7 // {iUVLPF_YwWidth}
1593,3,1,16,32,48,64,80,96,112,128,144,160,176,192,208,224,240,255, // {iMedLUT0~}
1610,3,0 // {iUVLPF_Rnd}
1620,3,0 // {iWdr8x8BlueEn}
1621,3,0 // {iWdr8x8DarkEn}
1622,3,0 // {iWdr8x8IsoValue}
1623,3,0 // {iWdr8x8LvTbl}
1624,3,0 // {iWdr8x8BriTbl}
1751,3,3 // {fYHDiv}
1752,3,0 // {fYDiv}
1753,3,0 // {fYHTDiv}
1754,3,186 // {iLUTNthr}
1755,3,316 // {iLUTPthr}
1756,3,0,17,34,51,68,85,102,119,136,153,170,187,204,221,238,255, // {iYGLUT0~}
1772,3,128 // {fHFGain}
1773,3,0 // {iYH_Lothr}
1774,3,511 // {iYH_Hithr}
1775,3,32 // {fYEdgeFwGain}
1778,3,1 // {iCeratioen}
1779,3,200 // {fCeratio}
1780,3,1 // {iCetidxoff}
1781,3,0 // {iCeBitfac}
1782,3,7 // {iCeStpsze}
1783,3,63 // {iCecol}
1784,3,47 // {iCerow}
1785,3,90 // {iCetidx0}
1786,3,418 // {iCetidx1}
1787,3,613 // {iCetidx2}
1788,3,928 // {iCetidx3}
1792,3,3 // {iYNESupEdgDiv}
1793,3,1 // {iYNESobConvMode}
1794,3,42 // {iYNEEdgStdThr}
1795,3,1024 // {iYNEShrThr}
1796,3,0 // {iYDbrFtrOptL2}
1797,3,0 // {iYDbrFtrOptL1}
1798,3,0 // {iYWbrFtrOpt}
1799,3,1 // {iYNESob_Frac_Bit}
1800,3,5 // {iYNESupEdgYWidth}
1801,3,224 // {iYWbrW}
1802,3,2 // {iYDbrW}
1803,3,22 // {iYNEYStrongEdgThr}
1804,3,8 // {iYNESupEdgYThr}
1805,3,2 // {iYNEYWeakEdgThr}
1806,3,18 // {iYNEYSpotThr}
1807,3,1024 // {iYNESobLUT0}
1808,3,768 // {iYNESobLUT1}
1809,3,1536 // {iYNESobLUT2}
1810,3,1792 // {iYNESobLUT3}
1811,3,2048 // {iYNESobLUT4}
1812,3,1792 // {iYNESobLUT5}
1813,3,1536 // {iYNESobLUT6}
1814,3,768 // {iYNESobLUT7}
1815,3,1 // {iYDbr5Offen}
1816,3,1 // {iYDbr3Offen}
1817,3,1 // {iYEdgDbr5Offen}
1818,3,0 // {iYNEStd_Frac_Bit}
1825,3,0 // {iYDpkFtrOptP}
1826,3,0 // {iYDpkFtrOptN}
1827,3,0 // {iYuvAccHSize}
1828,3,0 // {iYuvAccVSize}
1829,3,0 // {iYuvHerHSize}
1830,3,0 // {iYuvHerVSize}
1837,3,0 // {iYuvmixfact}
*** en ***
0,1,0 // {iAHD_Coren0}
1,1,0 // {iAHD_Coren1}
2,1,0 // {iAHD_Coren2}
3,1,0 // {iAHD_Coren3}
4,1,0 // {iAHD_Coren4}
75,1,0 // {iAHD_Ceen_L1}
77,1,0 // {iAHD_CeMode_L1}
88,1,0 // {iAHD_Ceen_L2}
90,1,0 // {iAHD_CeMode_L2}
146,1,0 // {iAHD_Gryen0}
147,1,0 // {iAHD_Gryen1}
148,1,0 // {iAHD_Gryen2}
149,1,0 // {iAHD_Gryen3}
150,1,0 // {iAHD_Gryen4}
613,1,0 // {iAHDen}
727,1,0 // {iAHDoffen}
742,1,0 // {iAHDYEdgen}
773,1,0 // {iARDen}
778,1,0 // {iArdFreDNen}
799,1,0 // {iDpkReplen}
810,1,0 // {iArd_Ceen}
823,1,0 // {iDPRen}
824,1,0 // {iDPGen}
825,1,0 // {iDPBen}
847,1,0 // {iGriden}
866,1,0 // {iArdoffen}
871,1,0 // {iAAen}
896,1,0 // {iBinCorrHen}
906,1,0 // {iCAen}
919,1,0 // {iCFCen}
945,1,0 // {iCMoffen}
958,1,0 // {iMtrxen}
959,1,0 // {iCM2offen}
972,1,0 // {iMtrx2en}
973,1,0 // {iDksuben}
1018,1,0 // {iBriconen}
1019,1,0 // {iBinen}
1023,1,0 // {iColen}
1110,1,0 // {iGlbgainen}
1127,1,0 // {iYSharp_ColorModeen}
1166,1,0 // {iHCen}
1174,1,0 // {iLDCen}
1188,1,0 // {iLscoffen}
1193,1,0 // {iLUT3Doffen}
1197,1,0 // {iLUT3Den}
1199,1,0 // {iLSCen}
1212,1,0 // {iHDRen}
1363,1,0 // {iDigeff1en}
1364,1,0 // {iSobelxen}
1365,1,0 // {iSobelyen}
1373,1,0 // {iEcyen}
1377,1,0 // {iEcuven}
1405,1,0 // {iAtob0deten}
1449,1,0 // {iPosWCen}
1451,1,0 // {iPosDCen}
1462,1,0 // {iPreWBgaen}
1470,1,0 // {iPreWCen}
1472,1,0 // {iPreDCen}
1481,1,0 // {iBadpxlen}
1482,1,0 // {iPjtnen}
1491,1,0 // {iGMAoffen}
1495,1,0 // {iRGBGammaen}
1509,1,0 // {iSRen}
1515,1,0 // {iBadpxlStillen}
1519,1,0 // {iTDen}
1570,1,0 // {iUVLPF_Coren}
1577,1,0 // {iUVLPF_Dbren}
1578,1,0 // {iUVLPF_Wbren}
1611,1,0 // {iVMFRen}
1612,1,0 // {iVMFGen}
1613,1,0 // {iVMFBen}
1619,1,0 // {iWdr8x8En}
1625,1,0 // {iRGBWDRen}
1625,1,0 // {iRGBWDRen}
1735,1,0 // {iWBoffen}
1740,1,0 // {iWBgaen}
1745,1,0 // {iWingaen}
1750,1,0 // {iYEdgen}
1777,1,0 // {iCeen}
1790,1,0 // {iYDbren}
1791,1,0 // {iYWbren}
1820,1,0 // {iYGammaen}
1824,1,0 // {iYDpken}
1835,1,0 // {iYuv709en}
1836,1,0 // {iYuvmixen}
0,2,0 // {iAHD_Coren0}
1,2,0 // {iAHD_Coren1}
2,2,0 // {iAHD_Coren2}
3,2,0 // {iAHD_Coren3}
4,2,0 // {iAHD_Coren4}
75,2,0 // {iAHD_Ceen_L1}
77,2,0 // {iAHD_CeMode_L1}
88,2,0 // {iAHD_Ceen_L2}
90,2,0 // {iAHD_CeMode_L2}
146,2,0 // {iAHD_Gryen0}
147,2,0 // {iAHD_Gryen1}
148,2,0 // {iAHD_Gryen2}
149,2,0 // {iAHD_Gryen3}
150,2,0 // {iAHD_Gryen4}
613,2,0 // {iAHDen}
727,2,0 // {iAHDoffen}
742,2,0 // {iAHDYEdgen}
871,2,0 // {iAAen}
919,2,0 // {iCFCen}
1018,2,0 // {iBriconen}
1019,2,0 // {iBinen}
1023,2,0 // {iColen}
1127,2,0 // {iYSharp_ColorModeen}
1166,2,0 // {iHCen}
1174,2,0 // {iLDCen}
1363,2,0 // {iDigeff1en}
1364,2,0 // {iSobelxen}
1365,2,0 // {iSobelyen}
1373,2,0 // {iEcyen}
1377,2,0 // {iEcuven}
1482,2,0 // {iPjtnen}
1509,2,0 // {iSRen}
1570,2,0 // {iUVLPF_Coren}
1577,2,0 // {iUVLPF_Dbren}
1578,2,0 // {iUVLPF_Wbren}
1619,2,0 // {iWdr8x8En}
1625,2,0 // {iRGBWDRen}
1750,2,0 // {iYEdgen}
1777,2,0 // {iCeen}
1790,2,0 // {iYDbren}
1791,2,0 // {iYWbren}
1820,2,0 // {iYGammaen}
1824,2,0 // {iYDpken}
1835,2,0 // {iYuv709en}
1836,2,0 // {iYuvmixen}
0,3,0 // {iAHD_Coren0}
1,3,0 // {iAHD_Coren1}
2,3,0 // {iAHD_Coren2}
3,3,0 // {iAHD_Coren3}
4,3,0 // {iAHD_Coren4}
75,3,0 // {iAHD_Ceen_L1}
77,3,0 // {iAHD_CeMode_L1}
88,3,0 // {iAHD_Ceen_L2}
90,3,0 // {iAHD_CeMode_L2}
146,3,0 // {iAHD_Gryen0}
147,3,0 // {iAHD_Gryen1}
148,3,0 // {iAHD_Gryen2}
149,3,0 // {iAHD_Gryen3}
150,3,0 // {iAHD_Gryen4}
613,3,0 // {iAHDen}
727,3,0 // {iAHDoffen}
742,3,0 // {iAHDYEdgen}
871,3,0 // {iAAen}
919,3,0 // {iCFCen}
1018,3,0 // {iBriconen}
1019,3,0 // {iBinen}
1023,3,0 // {iColen}
1127,3,0 // {iYSharp_ColorModeen}
1174,3,0 // {iLDCen}
1363,3,0 // {iDigeff1en}
1364,3,0 // {iSobelxen}
1365,3,0 // {iSobelyen}
1373,3,0 // {iEcyen}
1377,3,0 // {iEcuven}
1482,3,0 // {iPjtnen}
1509,3,0 // {iSRen}
1570,3,0 // {iUVLPF_Coren}
1577,3,0 // {iUVLPF_Dbren}
1578,3,0 // {iUVLPF_Wbren}
1619,3,0 // {iWdr8x8En}
1750,3,0 // {iYEdgen}
1777,3,0 // {iCeen}
1790,3,0 // {iYDbren}
1791,3,0 // {iYWbren}
1824,3,0 // {iYDpken}
1835,3,0 // {iYuv709en}
1836,3,0 // {iYuvmixen}
